Состояние,Бренд,Оперативная память (ГБ),Частота процессора,Количество ядер,Видеокарта,Тип,Накопитель,Объем накопителя,Price
Б/у,NotApple,8,2.7,4,4.7,Ультрабук,SSD,512,48000
Б/у,NotApple,2,1.2,2,4.7,Ноутбук,HDD,128,12000
Б/у,NotApple,2,2.2,2,4.7,Ноутбук,HDD,256,9500
Б/у,Apple,16,2.7,4,4.7,Ноутбук,SSD,256,34000
Б/у,NotApple,2,2.2,2,4.7,Ноутбук,HDD,512,14800
Б/у,NotApple,8,2.7,8,4.7,Ноутбук,HDD,256,19000
Б/у,NotApple,4,1.7,2,4.7,Ноутбук,HDD,1000,15000
Б/у,Apple,8,2.2,4,4.7,Ноутбук,Другой тип накопителя,128,70000
Б/у,NotApple,8,1.2,4,4.7,Ультрабук,SSD,512,45000
Б/у,Apple,8,3.2,8,4.7,Ноутбук,HDD,256,104000
Б/у,NotApple,4,1.7,2,4.7,Ноутбук,HDD,512,11700
Б/у,NotApple,2,1.7,2,4.7,Ноутбук,HDD,512,12500
Б/у,NotApple,4,2.2,2,4.7,Ноутбук,HDD,512,10700
Б/у,NotApple,4,2.7,4,4.7,Ноутбук,HDD,512,14000
Б/у,NotApple,4,2.2,4,4.7,Ноутбук,HDD,512,15000
Б/у,NotApple,4,2.2,4,110,Ноутбук,HDD,512,12500
Б/у,NotApple,16,2.2,8,60.9,Ноутбук,HDD + SSD,1000,75000
Б/у,NotApple,16,3.2,4,80.5,Ноутбук,HDD + SSD,1000,68000
Б/у,NotApple,4,2.2,4,4.7,Ноутбук,HDD,512,19000
Б/у,NotApple,4,2.7,2,4.7,Ноутбук,HDD,512,9500
Б/у,NotApple,8,3.2,2,4.7,Ноутбук,HDD,512,22000
Б/у,NotApple,4,2.2,2,4.7,Ноутбук,HDD,512,11000
Б/у,NotApple,4,2.2,4,4.7,Ноутбук,HDD,512,24000
Б/у,NotApple,4,1.2,2,4.7,Ноутбук,HDD,128,16000
Б/у,NotApple,2,1.2,4,4.7,Ноутбук,HDD + SSD,512,12000
Б/у,NotApple,4,2.2,4,4.7,Ноутбук,HDD,512,17000
Б/у,NotApple,4,2.2,4,4.7,Ультрабук,HDD,1000,23000
Б/у,NotApple,4,2.2,4,4.7,Ноутбук,HDD,512,15500
Б/у,NotApple,4,2.2,4,4.7,Ноутбук,HDD,512,23800
Б/у,NotApple,8,2.7,4,4.7,Ноутбук,HDD + SSD,1000,28000
Б/у,NotApple,4,1.2,2,110,Ноутбук,HDD,512,12000
Б/у,NotApple,4,2.2,4,4.7,Ноутбук,HDD,512,12500
Б/у,NotApple,8,2.2,4,4.7,Ноутбук,SSD,256,24000
Б/у,NotApple,16,1.7,8,16.7,Ультрабук,SSD,512,48000
Б/у,Apple,16,2.7,4,4.7,Ультрабук,SSD,512,67600
Б/у,NotApple,4,2.7,4,4.7,Ультрабук,HDD,512,16000
Б/у,NotApple,4,2.2,2,4.7,Ноутбук,HDD,256,15000
Б/у,NotApple,4,2.2,4,4.7,Ноутбук,HDD,512,15000
Новый,NotApple,8,3.2,6,4.7,Ноутбук,SSD,256,57200
Б/у,NotApple,8,3.2,4,4.7,Ноутбук,SSD,256,34500
Б/у,NotApple,16,2.2,12,46.7,Ноутбук,HDD + SSD,1000,90000
Б/у,NotApple,16,3.2,4,7.72,Ультрабук,SSD,512,83200
Новый,NotApple,8,3.2,8,28,Ноутбук,HDD,1000,58000
Б/у,NotApple,8,2.7,4,27.1,Ноутбук,HDD + SSD,512,16000
Б/у,NotApple,4,2.2,4,30.9,Ноутбук,HDD,512,18000
Новый,Apple,8,3.2,8,4.7,Ультрабук,SSD,256,98800
Б/у,Apple,16,3.2,4,110,Ноутбук,SSD,256,65000
Б/у,NotApple,4,2.7,4,4.7,Ноутбук,HDD + SSD,512,12000
Б/у,NotApple,6,2.2,4,4.7,Ноутбук,HDD + SSD,128,28500
Б/у,NotApple,4,2.2,4,4.7,Ноутбук,SSD,128,16500
Б/у,NotApple,4,1.7,4,4.7,Ультрабук,HDD,512,18000
Б/у,NotApple,4,2.7,4,4.7,Ноутбук,SSD,128,16600
Б/у,NotApple,4,2.7,4,4.7,Ноутбук,HDD,1000,23600
Б/у,NotApple,8,2.2,8,4.7,Ноутбук,HDD,1000,25000
Б/у,Apple,8,3.2,4,4.7,Ноутбук,SSD,512,85500
Б/у,NotApple,4,2.2,2,4.7,Ноутбук,HDD,512,11000
Б/у,NotApple,4,2.2,4,4.7,Ноутбук,HDD,512,23800
Б/у,NotApple,4,2.2,4,4.7,Ноутбук,SSD,128,17999
Б/у,Apple,8,2.2,8,4.7,Ноутбук,HDD,128,69000
Б/у,NotApple,4,2.2,4,4.7,Ноутбук,HDD,512,12000
Новый,NotApple,8,2.2,4,7.72,Ноутбук,HDD + SSD,256,52000
Б/у,NotApple,8,2.2,4,4.7,Ноутбук,HDD + SSD,1000,32000
Б/у,NotApple,6,2.2,4,4.7,Ноутбук,HDD,512,28000
Б/у,NotApple,4,2.2,4,4.7,Ноутбук,HDD + SSD,1000,32000
Б/у,NotApple,8,2.7,4,4.7,Ноутбук,HDD + SSD,1000,30000
Б/у,NotApple,8,2.2,4,4.81,Ноутбук,HDD,1000,15500
Б/у,NotApple,4,2.2,4,30.9,Ноутбук,HDD,512,20500
Б/у,NotApple,8,2.7,4,27.1,Ноутбук,HDD + SSD,128,24000
Б/у,NotApple,12,2.2,8,4.7,Ноутбук,HDD + SSD,128,35000
Б/у,NotApple,4,2.2,4,4.7,Ультрабук,HDD,512,12000
Б/у,NotApple,4,2.2,4,4.7,Ноутбук,HDD,256,10000
Б/у,NotApple,8,2.7,8,43.3,Ноутбук,SSD,512,75000
Новый,NotApple,16,2.2,8,4.7,Ноутбук,SSD,256,55000
Б/у,NotApple,6,1.7,4,4.81,Ноутбук,HDD + SSD,512,10000
Б/у,NotApple,4,2.7,4,4.7,Ноутбук,SSD,128,25000
Б/у,NotApple,4,2.2,4,4.7,Ультрабук,HDD,1000,23000
Б/у,NotApple,4,1.7,2,4.7,Ультрабук,HDD,512,19500
Новый,NotApple,16,3.2,12,7.72,Ультрабук,SSD,512,92000
Б/у,Apple,8,2.2,4,4.7,Ноутбук,SSD,128,57200
Б/у,NotApple,8,1.7,4,4.7,Ноутбук,HDD,512,16999
Б/у,NotApple,4,2.2,4,4.7,Ноутбук,SSD,256,20000
Б/у,NotApple,4,2.7,4,4.7,Ноутбук,HDD,128,20000
Б/у,NotApple,4,2.7,4,4.7,Ультрабук,HDD,1000,22000
Б/у,NotApple,4,2.2,4,4.7,Ноутбук,SSD,128,15000
Б/у,NotApple,4,2.2,4,4.7,Ноутбук,HDD,512,15500
Новый,NotApple,16,3.2,4,72.6,Ноутбук,SSD,512,95000
Новый,NotApple,16,2.2,4,4.7,Ноутбук,SSD,512,93000
Б/у,NotApple,4,1.2,2,4.7,Ноутбук,HDD,128,25000
Б/у,Apple,16,3.2,2,4.7,Ультрабук,SSD,512,85000
Б/у,NotApple,4,1.2,2,4.7,Ноутбук,Другой тип накопителя,128,25000
Б/у,NotApple,8,2.7,2,4.7,Ноутбук,SSD,512,27000
Б/у,NotApple,8,2.2,2,4.7,Ноутбук,HDD + SSD,128,16999
Б/у,NotApple,8,2.2,4,4.7,Ноутбук,SSD,256,22000
Б/у,NotApple,4,2.7,4,4.7,Ноутбук,HDD,256,25000
Б/у,NotApple,16,3.2,8,208,Ноутбук,SSD,256,156000
Б/у,NotApple,6,2.2,2,4.7,Ноутбук,HDD,512,15000
Б/у,NotApple,4,2.7,4,4.7,Ноутбук,SSD,128,15000
Б/у,NotApple,8,2.7,2,16.7,Ноутбук,HDD,1000,34900
Б/у,NotApple,8,2.2,4,30.9,Ноутбук,HDD,128,48880
Б/у,Apple,8,2.7,2,4.7,Ноутбук,SSD,128,41496
Б/у,NotApple,2,2.7,2,4.7,Ноутбук,Другой тип накопителя,256,10000
Б/у,NotApple,16,2.2,12,46.7,Ноутбук,HDD + SSD,1000,90000
Б/у,NotApple,12,2.7,4,27.1,Ноутбук,SSD,512,75000
Б/у,NotApple,8,3.2,12,43.3,Ноутбук,SSD,512,72000
Б/у,NotApple,16,3.2,4,4.7,Ноутбук,SSD,512,58000
Б/у,NotApple,4,2.2,4,4.7,Ноутбук,SSD,256,12000
Б/у,NotApple,8,2.2,4,4.7,Ноутбук,SSD,256,25000
Б/у,NotApple,4,1.2,2,4.7,Ноутбук,SSD,128,13500
Б/у,NotApple,4,3.2,4,4.7,Ноутбук,HDD,1000,44000
Б/у,NotApple,4,2.2,4,4.7,Ультрабук,SSD,128,20000
Б/у,Apple,16,3.2,4,110,Ноутбук,SSD,256,65000
Б/у,NotApple,16,2.2,8,60.9,Ноутбук,HDD + SSD,1000,75000
Б/у,NotApple,4,2.2,4,4.7,Ноутбук,HDD,512,26000
Б/у,Apple,8,2.2,4,4.7,Ультрабук,SSD,128,65000
Б/у,NotApple,16,2.2,4,4.7,Ноутбук,HDD,1000,35000
Б/у,NotApple,8,2.2,4,4.7,Ноутбук + планшет,HDD,1000,20000
Б/у,NotApple,4,1.7,2,4.7,Ноутбук,HDD + SSD,128,18500
Б/у,NotApple,8,2.7,4,4.7,Ноутбук,SSD,256,34000
Б/у,NotApple,4,2.2,2,4.7,Ноутбук,HDD,256,13500
Б/у,NotApple,4,2.2,4,4.7,Ноутбук,SSD,128,16500
Б/у,NotApple,4,1.7,4,4.7,Ультрабук,HDD,512,18000
Б/у,NotApple,8,2.2,4,26.6,Ноутбук,HDD + SSD,128,42000
Б/у,NotApple,16,3.2,6,72.6,Ноутбук,SSD,1000,104000
Новый,NotApple,4,2.7,2,4.7,Ноутбук,HDD,1000,27500
Новый,NotApple,8,3.2,8,28,Ноутбук,HDD,1000,58000
Новый,NotApple,8,3.2,4,4.7,Ноутбук,SSD,256,56000
Новый,NotApple,8,3.2,6,43.3,Ноутбук,SSD,512,85000
Б/у,NotApple,4,1.7,2,4.7,Ноутбук,SSD,128,8500
Новый,NotApple,16,3.2,8,4.7,Ноутбук,SSD,256,63500
Новый,NotApple,32,3.2,12,36.4,Ноутбук,HDD + SSD,1000,99500
Б/у,NotApple,16,3.2,4,7.72,Ультрабук,SSD,512,83200
Б/у,NotApple,8,1.7,4,4.7,Ноутбук,SSD,128,20000
Б/у,NotApple,16,2.2,6,4.7,Ноутбук,SSD,512,80000
Новый,Apple,16,3.2,8,4.7,Ультрабук,SSD,512,207896
Б/у,Apple,8,3.2,8,4.7,Ультрабук,SSD,512,131040
Б/у,NotApple,8,3.2,8,4.7,Ноутбук,HDD + SSD,1000,35000
Б/у,NotApple,16,2.7,8,27.1,Ноутбук,HDD + SSD,1000,59500
Б/у,NotApple,8,2.7,2,4.7,Ноутбук,SSD,256,36000
Б/у,Apple,16,2.7,4,4.7,Ноутбук,SSD,512,101920
Б/у,Apple,8,2.2,8,4.7,Ноутбук,SSD,256,92560
Б/у,NotApple,4,1.7,2,4.7,Ноутбук,HDD,512,22000
Новый,Apple,8,3.2,8,4.7,Ультрабук,SSD,256,98800
Б/у,NotApple,16,2.7,4,16.7,Ноутбук,SSD,512,58000
Б/у,NotApple,4,2.2,2,4.7,Ультрабук,SSD,128,25000
Б/у,Apple,8,2.2,4,4.7,Ультрабук,SSD,128,65000
Б/у,NotApple,4,2.2,2,4.7,Ноутбук,HDD,512,19000
Б/у,NotApple,16,2.7,4,110,Ноутбук,HDD,1000,35000
Б/у,NotApple,4,2.7,4,16.7,Ноутбук,HDD,1000,44000
Б/у,NotApple,6,2.7,4,16.7,Ноутбук,HDD,512,22000
Б/у,Apple,8,3.2,4,4.7,Трансформер,HDD,1000,74000
Б/у,NotApple,4,2.2,4,4.7,Ноутбук,HDD,512,23000
Б/у,NotApple,4,1.7,4,4.7,Ноутбук,SSD,512,7500
Б/у,NotApple,8,2.7,2,4.7,Ноутбук,SSD,512,50000
Б/у,NotApple,16,3.2,4,30.9,Ноутбук,HDD + SSD,1000,62900
Б/у,NotApple,16,2.7,8,4.7,Ноутбук,HDD,1000,41500
Б/у,NotApple,8,2.2,4,4.81,Ноутбук,SSD,512,65000
Б/у,Apple,16,3.2,4,110,Ноутбук,SSD,256,65000
Б/у,NotApple,16,2.2,8,60.9,Ноутбук,HDD + SSD,1000,75000
Б/у,NotApple,4,2.2,4,4.7,Ноутбук,HDD,512,26000
Б/у,NotApple,2,1.7,2,4.7,Ноутбук,HDD,128,5000
Б/у,NotApple,4,1.7,4,4.7,Ультрабук,SSD,128,16500
Б/у,Apple,8,2.7,2,4.7,Ноутбук,SSD,256,62400
Б/у,NotApple,16,2.7,4,4.7,Ноутбук,HDD + SSD,1000,42000
Б/у,NotApple,4,2.7,4,110,Ноутбук,HDD,512,13999
Б/у,NotApple,4,2.2,2,4.7,Ноутбук,HDD,512,18000
Б/у,NotApple,8,3.2,4,4.7,Ультрабук,SSD,512,40000
Требуется ремонт,NotApple,4,2.2,2,4.7,Ноутбук,SSD,128,13000
Б/у,NotApple,4,1.7,2,4.7,Ноутбук,SSD,128,16000
Новый,NotApple,8,3.2,4,4.7,Ноутбук,SSD,256,68640
Б/у,NotApple,4,1.7,2,4.7,Ноутбук,SSD,128,16000
Новый,NotApple,8,3.2,4,4.7,Ноутбук,SSD,256,68640
Б/у,NotApple,2,2.2,2,4.7,Ноутбук,HDD,512,16000
Б/у,NotApple,4,2.2,4,4.7,Ноутбук,HDD,128,23000
Б/у,NotApple,2,1.7,4,4.7,Ноутбук,HDD,512,15000
Б/у,NotApple,16,3.2,4,4.7,Ультрабук,SSD,256,57000
Б/у,NotApple,16,3.2,8,4.7,Ноутбук,HDD + SSD,1000,62400
Б/у,NotApple,8,1.7,2,4.7,Ноутбук,HDD + SSD,128,25000
Б/у,NotApple,8,2.7,4,4.7,Ультрабук,SSD,512,48000
Б/у,NotApple,8,2.2,2,4.7,Ноутбук,HDD,1000,27000
Б/у,NotApple,8,2.7,4,4.7,Ноутбук,SSD,256,30000
Б/у,NotApple,4,1.7,4,4.7,Ноутбук,HDD,1000,22000
Б/у,NotApple,4,2.7,4,4.7,Ноутбук,HDD + SSD,512,15500
Б/у,NotApple,4,2.2,4,4.7,Ноутбук,HDD,256,15800
Б/у,NotApple,4,2.2,4,4.7,Ноутбук,HDD,128,23000
Б/у,NotApple,2,2.2,2,4.7,Ноутбук,SSD,256,11500
Б/у,NotApple,4,2.2,4,4.7,Ноутбук,HDD + SSD,128,10000
Б/у,NotApple,4,2.2,4,4.7,Ноутбук,HDD,512,26000
Б/у,NotApple,4,1.7,4,4.7,Ноутбук,HDD,512,20000
Б/у,Apple,8,3.2,8,4.7,Ноутбук,SSD,256,114400
Б/у,Apple,8,2.7,2,4.7,Ноутбук,SSD,512,57200
Б/у,NotApple,4,1.7,2,4.7,Ноутбук,HDD,512,18000
Б/у,NotApple,2,1.7,2,4.7,Ноутбук,HDD,512,10000
Б/у,NotApple,2,1.7,2,4.7,Ноутбук,HDD,512,15000
Б/у,Apple,16,2.7,4,4.7,Ноутбук,SSD,256,60320
Б/у,NotApple,2,2.2,2,4.7,Ноутбук,HDD,512,14500
Б/у,NotApple,2,1.7,2,4.7,Ноутбук,HDD,512,16000
Б/у,NotApple,4,1.7,2,4.7,Ноутбук,HDD,512,16000
Б/у,NotApple,2,1.7,2,4.7,Ноутбук,HDD,512,17000
Б/у,NotApple,4,2.2,2,4.7,Ноутбук,HDD,1000,16000
Б/у,NotApple,2,1.7,2,4.7,Ноутбук,HDD,512,15000
Новый,Apple,12,2.7,8,4.7,Ноутбук,HDD + SSD,256,96000
На запчасти,NotApple,2,1.7,2,4.7,Нетбук,Другой тип накопителя,128,2000
Б/у,NotApple,16,2.7,4,4.7,Ультрабук,SSD,256,40000
Б/у,NotApple,4,1.7,2,4.7,Ноутбук,HDD,512,16000
Б/у,NotApple,2,1.7,2,4.7,Ноутбук,HDD,512,17000
Б/у,NotApple,4,2.2,2,4.7,Ноутбук,HDD,1000,16000
Б/у,NotApple,2,1.7,2,4.7,Ноутбук,HDD,512,15000
Новый,Apple,12,2.7,8,4.7,Ноутбук,HDD + SSD,256,96000
На запчасти,NotApple,2,1.7,2,4.7,Нетбук,Другой тип накопителя,128,2000
Б/у,NotApple,16,2.7,4,4.7,Ультрабук,SSD,256,40000
Б/у,NotApple,4,1.7,4,4.7,Ноутбук,SSD,128,30000
Новый,NotApple,4,3.2,2,4.7,Ноутбук,SSD,128,29500
Б/у,NotApple,8,2.7,4,4.7,Ноутбук,SSD,128,35000
Б/у,Apple,2,3.2,4,27.1,Ноутбук,HDD,128,5500
Б/у,NotApple,16,3.2,8,76.5,Ноутбук,SSD,512,98800
Б/у,NotApple,4,1.7,4,4.7,Ноутбук,SSD,128,22000
Б/у,NotApple,4,2.2,4,4.7,Ноутбук,HDD,512,12000
Новый,NotApple,8,2.7,6,42.6,Ноутбук,HDD + SSD,512,60000
Б/у,Apple,8,2.2,4,4.7,Ноутбук,SSD,256,60000
Б/у,NotApple,4,2.2,4,4.7,Ноутбук,HDD,512,17000
Б/у,NotApple,2,1.2,2,4.7,Ноутбук,HDD,128,12000
Б/у,NotApple,8,2.2,4,4.7,Ноутбук,HDD + SSD,1000,12999
Б/у,NotApple,8,2.2,2,4.7,Ноутбук,SSD,256,28000
Б/у,NotApple,4,2.7,4,4.7,Ультрабук,HDD,512,29000
Б/у,NotApple,4,1.7,4,4.7,Ноутбук,HDD,512,18000
Новый,Apple,2,1.2,2,4.81,Ноутбук,Другой тип накопителя,128,1550
Б/у,NotApple,2,2.2,2,4.7,Ноутбук,HDD,256,9500
Б/у,NotApple,4,2.7,4,4.7,Ультрабук,SSD,1000,35000
Б/у,Apple,16,2.7,4,4.7,Ноутбук,SSD,256,34000
Б/у,NotApple,8,3.2,4,27.1,Ноутбук,SSD,256,57900
Б/у,Apple,4,1.7,2,4.7,Ультрабук,SSD,256,23000
Б/у,NotApple,4,2.2,4,4.7,Ноутбук,HDD,512,12000
Б/у,NotApple,4,2.2,2,16.7,Ноутбук,SSD,128,28000
Б/у,Apple,8,2.2,2,4.7,Ноутбук,SSD,128,75000
Новый,NotApple,8,3.2,4,4.7,Ультрабук,HDD,1000,35000
Б/у,NotApple,8,2.2,4,4.7,Ультрабук,SSD,128,37000
Б/у,NotApple,8,3.2,8,26.6,Ноутбук,HDD + SSD,256,20000
Б/у,NotApple,16,2.7,4,4.7,Ультрабук,SSD,256,57000
Б/у,NotApple,16,2.7,4,4.7,Ультрабук,SSD,256,45000
Б/у,NotApple,2,2.2,2,4.7,Ноутбук,HDD,512,14800
Б/у,NotApple,8,2.7,8,4.7,Ноутбук,HDD,256,19000
Б/у,NotApple,8,2.7,4,4.7,Ультрабук,SSD,512,50000
Б/у,NotApple,4,1.7,2,4.7,Ноутбук,HDD,512,20000
Б/у,NotApple,4,1.7,2,4.7,Ноутбук,HDD,1000,15000
Б/у,NotApple,8,2.7,4,4.7,Ультрабук,SSD,512,45000
Б/у,NotApple,8,2.2,4,4.7,Ноутбук,SSD,128,21000
Б/у,NotApple,4,2.2,8,4.7,Ноутбук,HDD,256,12000
Б/у,Apple,8,2.2,4,4.7,Ноутбук,Другой тип накопителя,128,70000
Б/у,Apple,8,1.7,2,4.7,Ноутбук,SSD,256,55000
Б/у,NotApple,2,2.2,2,4.7,Ноутбук,HDD,256,15000
Б/у,NotApple,16,2.7,4,4.7,Ультрабук,SSD,256,55000
Б/у,NotApple,4,2.2,2,4.7,Ноутбук,HDD,256,8699
Б/у,NotApple,8,2.2,4,42.6,Ноутбук,HDD,1000,40000
Б/у,NotApple,4,2.2,4,28,Ноутбук,SSD,256,35000
Б/у,NotApple,4,2.2,4,4.7,Ноутбук,HDD,512,26000
Б/у,NotApple,8,1.2,4,4.7,Ультрабук,SSD,512,45000
Б/у,NotApple,4,1.7,2,4.7,Ультрабук,HDD,512,19500
Б/у,NotApple,4,2.2,4,4.7,Ноутбук,HDD,128,23000
Б/у,NotApple,16,2.2,12,46.7,Ноутбук,HDD + SSD,1000,90000
Новый,NotApple,8,3.2,2,4.7,Ноутбук,SSD,256,30000
Б/у,NotApple,4,1.7,4,4.7,Ноутбук,HDD,256,13500
На запчасти,NotApple,4,2.2,4,4.7,Ноутбук,HDD,512,6500
Новый,NotApple,8,2.2,6,4.7,Ноутбук,SSD,512,48000
Б/у,NotApple,6,2.7,4,208,Ноутбук,HDD,512,14999
Б/у,Apple,8,3.2,2,4.7,Ноутбук,SSD,256,98800
Б/у,NotApple,4,1.7,4,4.7,Ноутбук,HDD,1000,18500
Б/у,NotApple,8,2.2,4,4.7,Ноутбук + планшет,SSD,128,46800
Б/у,NotApple,16,3.2,6,106,Ноутбук,SSD,1000,150000
Б/у,Apple,8,2.2,4,4.7,Ноутбук,HDD,512,16000
Б/у,NotApple,8,2.7,4,4.7,Ультрабук,SSD,256,32999
Б/у,NotApple,2,1.2,2,4.7,Ноутбук,HDD,128,12000
Б/у,NotApple,4,2.2,4,4.7,Ноутбук,HDD,512,12000
Б/у,Apple,8,1.2,2,4.7,Ноутбук,HDD,256,70000
Б/у,Apple,4,2.7,2,4.7,Ноутбук,HDD,512,29000
Б/у,NotApple,6,2.7,4,4.7,Ноутбук,HDD,512,14000
Б/у,Apple,8,2.2,8,4.7,Ноутбук,SSD,128,62400
Б/у,NotApple,4,2.7,4,4.7,Ноутбук,SSD,256,42000
Б/у,Apple,8,2.7,4,4.7,Ультрабук,SSD,256,52000
Б/у,NotApple,4,1.7,4,4.7,Ноутбук,HDD,512,15000
Б/у,Apple,8,3.2,8,4.7,Ноутбук,SSD,512,124800
Б/у,NotApple,8,2.2,8,4.7,Ультрабук,SSD,256,48000
Б/у,Apple,8,2.2,2,4.7,Ноутбук,SSD,128,59000
Б/у,NotApple,8,2.2,4,4.7,Ноутбук,SSD,128,30000
Б/у,NotApple,6,2.7,4,4.7,Ноутбук,SSD,512,11500
Б/у,NotApple,6,2.2,4,4.7,Ноутбук,HDD,512,18000
Б/у,Apple,8,2.7,2,4.7,Ультрабук,SSD,128,32000
Новый,NotApple,4,1.2,2,16.7,Ноутбук,SSD,256,40000
Б/у,Apple,8,3.2,8,4.7,Ноутбук,HDD,256,104000
Б/у,Apple,16,3.2,4,110,Ноутбук,SSD,256,65000
Б/у,NotApple,16,2.2,8,60.9,Ноутбук,HDD + SSD,1000,75000
Б/у,NotApple,8,2.2,2,4.7,Ноутбук,HDD,512,12000
Б/у,Apple,4,2.2,2,4.7,Ноутбук,SSD,128,38000
Б/у,NotApple,4,2.2,4,4.7,Ноутбук,HDD,256,15000
Б/у,NotApple,16,2.2,8,46.7,Ноутбук,HDD + SSD,1000,80000
Б/у,NotApple,4,2.2,4,4.7,Ноутбук,HDD,512,16500
Б/у,NotApple,4,2.7,2,4.7,Ноутбук,HDD,512,8000
Б/у,NotApple,4,2.2,2,4.7,Ноутбук,SSD,256,13000
Б/у,NotApple,6,2.7,4,4.7,Ноутбук,HDD + SSD,1000,54392
Б/у,NotApple,4,2.2,4,4.7,Ноутбук,HDD,512,18000
Б/у,NotApple,4,2.2,4,4.7,Ноутбук,HDD,512,18000
Б/у,NotApple,16,3.2,6,98.3,Ноутбук,SSD,512,150800
Б/у,NotApple,8,2.2,2,4.7,Ноутбук,HDD + SSD,128,15999
Б/у,Apple,4,2.2,4,4.7,Ультрабук,SSD,256,122000
Б/у,NotApple,8,3.2,4,4.7,Ноутбук,HDD,1000,52000
Б/у,NotApple,4,2.7,4,4.7,Ноутбук,SSD,128,25000
Требуется ремонт,NotApple,8,3.2,4,4.7,Ультрабук,SSD,128,25000
Б/у,NotApple,2,3.2,2,4.7,Ноутбук,HDD,512,15000
Б/у,NotApple,8,3.2,4,4.7,Ноутбук,HDD,1000,52000
Б/у,NotApple,8,2.2,6,4.7,Ноутбук,SSD,512,48500
Б/у,Apple,8,3.2,8,4.7,Ноутбук,HDD,256,104000
Б/у,NotApple,4,2.2,2,4.7,Ноутбук,SSD,128,26000
Б/у,NotApple,16,2.2,12,46.7,Ноутбук,HDD + SSD,1000,90000
Б/у,NotApple,8,3.2,4,4.7,Ноутбук,Другой тип накопителя,512,22000
Б/у,NotApple,4,2.2,4,4.7,Ноутбук,HDD,512,23800
Б/у,NotApple,4,2.2,4,4.7,Ноутбук,HDD,512,15500
Б/у,NotApple,8,1.7,4,4.7,Ноутбук,HDD,512,13000
Б/у,NotApple,8,2.7,2,4.7,Ноутбук,HDD + SSD,1000,18000
Б/у,NotApple,4,2.2,2,4.7,Ноутбук,SSD,128,26000
Б/у,NotApple,6,2.7,4,4.7,Ноутбук,HDD + SSD,128,34000
Б/у,NotApple,4,3.2,4,4.7,Ноутбук,SSD,512,16000
Новый,NotApple,8,3.2,6,72.6,Ноутбук,SSD,512,114400
Б/у,NotApple,4,2.2,2,4.7,Ноутбук,SSD,128,26000
Новый,NotApple,16,2.2,4,7.72,Ультрабук,SSD,512,99000
Б/у,NotApple,8,2.7,2,4.7,Ноутбук,HDD + SSD,512,48000
Б/у,NotApple,16,2.7,4,4.7,Ультрабук,SSD,256,62000
Б/у,NotApple,8,2.7,4,4.7,Ноутбук,SSD,256,49000
Б/у,NotApple,8,2.7,4,4.7,Ультрабук,SSD,256,46000
Б/у,NotApple,8,2.2,4,4.7,Ноутбук,HDD,512,31000
Б/у,NotApple,16,2.2,4,4.7,Ультрабук,SSD,512,65000
Б/у,NotApple,4,2.2,2,4.7,Ноутбук,SSD,128,26000
Б/у,NotApple,16,2.2,8,60.9,Ноутбук,HDD + SSD,1000,75000
Б/у,NotApple,16,1.7,4,4.7,Ноутбук,SSD,512,45000
Б/у,NotApple,8,2.7,4,4.7,Ультрабук,SSD,256,63000
Б/у,Apple,16,2.7,4,4.7,Ультрабук,SSD,256,92000
Б/у,Apple,16,2.7,4,42.6,Ноутбук,SSD,1000,92000
Б/у,Apple,16,2.7,4,42.6,Ноутбук,SSD,512,69000
Б/у,NotApple,8,2.7,4,4.7,Ноутбук,SSD,256,41000
Б/у,Apple,16,2.2,4,4.7,Ноутбук,HDD + SSD,1000,35000
Б/у,NotApple,8,2.7,4,4.7,Ультрабук,SSD,256,48000
Б/у,NotApple,8,2.7,4,4.7,Ультрабук,SSD,256,49000
Б/у,NotApple,4,2.2,2,4.7,Ноутбук,SSD,128,26000
Б/у,NotApple,8,2.7,4,4.7,Ультрабук,SSD,256,62000
Б/у,NotApple,4,1.7,2,4.7,Ноутбук,HDD,512,11700
Б/у,NotApple,2,1.7,2,4.7,Ноутбук,HDD,512,12500
Б/у,NotApple,4,2.2,2,4.7,Ноутбук,HDD,512,10700
Б/у,NotApple,4,2.7,4,4.7,Ноутбук,HDD,512,14000
Б/у,NotApple,8,2.2,4,4.7,Ноутбук,HDD,1000,27000
Б/у,Apple,16,2.2,4,4.7,Ультрабук,SSD,512,86000
Б/у,NotApple,4,2.2,4,4.7,Ноутбук,HDD,512,15000
Б/у,NotApple,4,2.2,4,110,Ноутбук,HDD,512,12500
Б/у,NotApple,2,1.7,2,4.7,Нетбук,Другой тип накопителя,128,3000
Б/у,NotApple,4,2.2,2,4.7,Ноутбук,SSD,128,26000
Б/у,NotApple,2,1.7,2,4.7,Нетбук,Другой тип накопителя,128,3000
Б/у,NotApple,16,2.7,4,106,Ноутбук,Другой тип накопителя,1000,135200
Б/у,NotApple,4,2.2,4,4.7,Ноутбук,HDD,128,23000
Б/у,NotApple,16,2.2,8,60.9,Ноутбук,HDD + SSD,1000,75000
Б/у,NotApple,4,1.2,4,4.7,Нетбук,HDD,1000,15000
Б/у,NotApple,4,2.2,2,4.7,Ноутбук,SSD,128,26000
Б/у,NotApple,2,1.7,4,4.7,Ноутбук + планшет,SSD,128,8900
Б/у,NotApple,16,3.2,4,80.5,Ноутбук,HDD + SSD,1000,68000
Б/у,NotApple,8,2.2,4,4.7,Ноутбук,HDD + SSD,512,35000
Б/у,NotApple,4,2.2,2,4.7,Ноутбук,SSD,128,26000
Б/у,NotApple,6,2.2,4,4.7,Ноутбук,HDD,1000,18500
Б/у,NotApple,4,2.7,2,4.7,Ноутбук,HDD + SSD,512,18000
Б/у,NotApple,16,2.2,4,4.7,Ультрабук,SSD,512,65000
Б/у,NotApple,4,2.2,4,4.7,Ноутбук,HDD,512,12500
Новый,NotApple,4,3.2,2,4.7,Ноутбук,SSD,128,47840
Б/у,NotApple,4,2.2,2,4.7,Ноутбук,SSD,128,26000
Б/у,NotApple,4,2.2,4,4.7,Ноутбук,HDD,1000,15500
Б/у,NotApple,4,1.7,2,4.7,Ноутбук,HDD,1000,31200
На запчасти,Apple,8,2.2,2,4.7,Трансформер,HDD,128,5000
Б/у,NotApple,6,1.7,4,110,Ноутбук,HDD + SSD,1000,20000
Б/у,NotApple,4,2.2,2,4.7,Ноутбук,SSD,128,26000
Новый,NotApple,8,1.2,4,4.7,Ноутбук,SSD,1000,39000
Б/у,NotApple,8,3.2,6,43.3,Ноутбук,SSD,256,69500
Новый,NotApple,4,1.2,2,4.7,Ноутбук,HDD + SSD,512,20999
Б/у,NotApple,6,3.2,2,4.7,Ноутбук,HDD,1000,20000
Б/у,NotApple,4,2.2,4,4.7,Ноутбук,HDD,1000,21499
Б/у,NotApple,4,2.2,2,4.7,Ноутбук,SSD,128,26000
Б/у,NotApple,6,3.2,2,4.7,Ноутбук,HDD,1000,20000
Б/у,NotApple,4,2.2,4,4.7,Ноутбук,HDD,1000,21499
Б/у,NotApple,4,2.2,2,4.7,Ноутбук,SSD,128,24500
Б/у,NotApple,4,2.2,2,4.7,Ноутбук,HDD + SSD,512,17000
Б/у,NotApple,4,1.7,4,4.7,Ноутбук,HDD,512,16500
Б/у,Apple,4,1.7,2,4.7,Ультрабук,SSD,128,28000
Б/у,NotApple,4,2.7,8,4.7,Ноутбук,Другой тип накопителя,128,45000
Б/у,NotApple,4,2.2,2,4.7,Ноутбук,SSD,512,13500
Б/у,NotApple,8,2.2,4,4.7,Ультрабук,HDD,1000,42000
Б/у,Apple,16,3.2,4,110,Ноутбук,SSD,256,65000
Б/у,NotApple,16,2.2,8,60.9,Ноутбук,HDD + SSD,1000,75000
Б/у,NotApple,4,2.2,4,4.7,Ноутбук,HDD,512,26000
Новый,NotApple,12,3.2,4,28,Ноутбук,SSD,1000,65000
Б/у,NotApple,8,2.7,4,4.7,Ноутбук,HDD,1000,24000
Б/у,NotApple,4,2.2,2,4.7,Ноутбук,SSD,128,26000
Б/у,NotApple,8,2.2,4,30.9,Ноутбук,HDD + SSD,1000,58000
Б/у,Apple,16,2.7,4,4.7,Ноутбук,SSD,1000,62000
Б/у,NotApple,8,2.2,4,4.7,Ноутбук,SSD,256,33000
Б/у,NotApple,4,1.7,2,4.7,Ноутбук,SSD,128,12499
Б/у,NotApple,8,3.2,4,4.7,Ноутбук,HDD,1000,28999
Б/у,NotApple,8,2.7,2,4.7,Ноутбук,SSD,256,17999
Б/у,NotApple,8,1.7,4,4.7,Ноутбук,HDD + SSD,128,19000
Б/у,NotApple,4,2.2,2,4.7,Ноутбук,SSD,128,26000
Б/у,NotApple,8,2.7,4,76.5,Ноутбук,SSD,512,63000
Б/у,NotApple,4,2.2,4,16.7,Ноутбук,HDD,1000,26000
Б/у,NotApple,8,2.2,4,42.6,Ноутбук,HDD,1000,25000
Б/у,NotApple,8,2.2,4,4.7,Ультрабук,SSD,256,37000
Б/у,NotApple,8,2.7,4,4.7,Ультрабук,SSD,256,45000
Новый,NotApple,4,1.7,4,4.7,Ноутбук,SSD,128,33000
Б/у,NotApple,4,1.7,4,4.7,Ноутбук,HDD,1000,14500
Б/у,NotApple,8,2.2,4,4.7,Ультрабук,SSD,256,34000
Б/у,NotApple,4,1.7,4,4.7,Ноутбук,SSD,128,20000
Б/у,NotApple,4,1.7,2,4.7,Ультрабук,HDD,512,19500
Б/у,NotApple,4,2.2,4,4.7,Ноутбук,HDD,512,19000
Б/у,NotApple,4,2.2,2,4.7,Ноутбук,SSD,128,26000
Б/у,NotApple,16,3.2,6,43.3,Ноутбук,HDD + SSD,1000,83000
Б/у,NotApple,4,2.2,4,4.7,Ноутбук,HDD,512,12000
Б/у,NotApple,4,2.2,4,4.7,Ноутбук,HDD,512,12000
Новый,Apple,8,2.2,8,4.7,Ноутбук,SSD,256,111280
Б/у,NotApple,4,1.7,4,4.7,Ноутбук,SSD,256,18200
Б/у,NotApple,4,2.2,2,4.7,Ноутбук,SSD,128,26000
Б/у,NotApple,8,3.2,4,4.7,Ноутбук,SSD,256,49000
Б/у,NotApple,4,2.2,2,4.7,Ноутбук,SSD,128,26000
Б/у,NotApple,4,2.2,4,4.7,Ноутбук,HDD,512,12000
Б/у,NotApple,4,2.2,4,4.7,Ноутбук,SSD,256,20000
Б/у,NotApple,8,3.2,4,4.7,Ноутбук,HDD,1000,30000
Б/у,NotApple,4,2.7,4,4.7,Ноутбук,HDD,128,6500
Б/у,NotApple,4,1.7,4,4.7,Нетбук,SSD,128,6000
Б/у,NotApple,4,2.2,2,4.7,Ноутбук,SSD,128,26000
Б/у,NotApple,4,2.2,4,4.7,Ноутбук,HDD,512,12000
Б/у,NotApple,8,2.2,4,4.81,Ноутбук,HDD,1000,15500
Б/у,NotApple,8,2.7,4,4.7,Ультрабук,SSD,256,45000
Б/у,NotApple,4,2.7,2,4.7,Ноутбук,HDD,512,9500
Б/у,NotApple,8,3.2,2,4.7,Ноутбук,SSD,256,25000
Б/у,NotApple,8,2.2,4,4.7,Ноутбук,HDD,1000,22500
Б/у,NotApple,4,2.2,2,4.7,Ноутбук,HDD,512,23000
Б/у,NotApple,8,3.2,2,4.7,Ноутбук,HDD,512,22000
Новый,NotApple,2,1.7,4,4.7,Ноутбук,HDD,128,6000
Б/у,NotApple,4,2.2,2,4.7,Ноутбук,SSD,128,26000
Б/у,NotApple,4,2.2,4,4.7,Ноутбук,HDD,512,12000
Б/у,NotApple,8,3.2,2,4.7,Ноутбук,SSD,256,25000
Б/у,NotApple,8,2.2,4,4.7,Ноутбук,HDD,1000,22500
Б/у,NotApple,4,2.2,2,4.7,Ноутбук,HDD,512,23000
Б/у,NotApple,8,3.2,2,4.7,Ноутбук,HDD,512,22000
Новый,NotApple,2,1.7,4,4.7,Ноутбук,HDD,128,6000
Б/у,NotApple,12,3.2,4,4.7,Ноутбук,SSD,128,48000
Б/у,NotApple,4,2.2,4,4.7,Ноутбук,HDD,512,24000
Б/у,NotApple,4,1.2,2,4.7,Ноутбук,HDD,512,12000
Б/у,NotApple,16,3.2,6,4.7,Ноутбук,SSD,512,54000
Б/у,NotApple,8,1.7,4,4.7,Ноутбук,SSD,512,47000
Новый,NotApple,8,1.2,8,4.7,Ноутбук,HDD,1000,41496
Новый,NotApple,4,2.2,4,4.7,Ноутбук,Другой тип накопителя,128,31096
Б/у,NotApple,4,2.2,2,4.7,Ноутбук,SSD,128,26000
Б/у,NotApple,4,2.2,4,4.7,Ноутбук,HDD,512,12000
Б/у,NotApple,6,2.7,4,4.7,Ноутбук,HDD,512,35000
Новый,NotApple,16,2.2,4,4.7,Ультрабук,HDD + SSD,512,90000
Б/у,NotApple,2,1.7,2,4.7,Ноутбук,HDD,128,2500
Б/у,NotApple,4,2.2,2,4.7,Ноутбук,SSD,128,26000
Б/у,NotApple,4,2.2,4,4.7,Ноутбук,HDD,512,12000
Б/у,NotApple,4,2.2,4,4.7,Ноутбук,SSD,128,16500
Новый,NotApple,8,3.2,4,4.7,Ноутбук,SSD,256,65000
Б/у,NotApple,4,2.2,2,4.7,Ноутбук,SSD,128,26000
Б/у,NotApple,4,2.2,4,4.7,Ноутбук,HDD,512,12000
Б/у,Apple,16,2.2,4,4.7,Ультрабук,SSD,256,95000
Новый,NotApple,12,3.2,8,4.7,Ноутбук,SSD,1000,45000
Б/у,NotApple,4,2.2,2,4.7,Ноутбук,SSD,128,26000
Б/у,NotApple,4,2.2,4,4.7,Ноутбук,HDD,512,12000
Б/у,NotApple,16,2.2,8,60.9,Ноутбук,HDD + SSD,1000,75000
Б/у,NotApple,4,1.2,2,4.7,Ноутбук,HDD,128,16000
Б/у,NotApple,4,2.2,2,4.7,Ноутбук,SSD,128,26000
Б/у,NotApple,4,2.2,4,4.7,Ноутбук,HDD,512,12000
Б/у,NotApple,4,2.2,2,4.7,Ноутбук,SSD,128,26000
Б/у,NotApple,4,2.2,4,4.7,Ноутбук,HDD,512,12000
Б/у,NotApple,4,2.2,2,4.7,Ноутбук,HDD,512,9000
Б/у,NotApple,4,2.2,2,4.7,Ноутбук,SSD,128,26000
Б/у,NotApple,4,2.2,4,4.7,Ноутбук,HDD,512,12000
Б/у,NotApple,16,1.7,8,16.7,Ультрабук,SSD,512,48000
Б/у,Apple,8,3.2,8,4.7,Ноутбук,HDD,256,104000
Б/у,NotApple,4,1.7,2,4.7,Ультрабук,HDD,512,19500
Б/у,NotApple,4,1.7,2,4.7,Ноутбук,HDD + SSD,128,18500
Б/у,NotApple,4,2.2,2,4.7,Ноутбук,SSD,128,26000
Б/у,NotApple,4,2.2,4,4.7,Ноутбук,HDD,512,12000
Б/у,Apple,8,3.2,4,4.7,Ноутбук,SSD,256,104000
Б/у,NotApple,4,2.2,4,4.7,Ноутбук,HDD,512,18000
Б/у,NotApple,8,1.7,4,4.7,Ноутбук,HDD,512,11999
Б/у,NotApple,4,1.2,4,4.7,Ультрабук,HDD,512,24500
Б/у,NotApple,4,1.2,2,4.7,Ноутбук,SSD,256,10000
Б/у,NotApple,4,2.2,2,4.7,Ноутбук,SSD,128,26000
Б/у,NotApple,4,2.2,4,4.7,Ноутбук,HDD,512,12000
Б/у,NotApple,8,2.2,4,4.7,Ноутбук,HDD + SSD,256,16000
Б/у,NotApple,4,1.2,2,4.7,Ноутбук,HDD,128,16000
Б/у,NotApple,8,2.7,2,4.7,Ноутбук,SSD,256,37000
Б/у,NotApple,6,1.7,2,4.7,Ноутбук,SSD,128,16000
Б/у,NotApple,4,2.2,2,4.7,Ноутбук,SSD,128,26000
Б/у,NotApple,4,2.2,4,4.7,Ноутбук,HDD,512,12000
Б/у,NotApple,4,2.2,4,4.7,Ноутбук,HDD,512,15500
Новый,NotApple,4,2.2,4,4.7,Ультрабук,SSD,128,18500
Б/у,NotApple,8,2.2,8,4.7,Ноутбук,HDD,1000,32000
Б/у,NotApple,4,2.2,2,4.7,Ноутбук,SSD,128,26000
Б/у,NotApple,4,2.2,4,4.7,Ноутбук,HDD,512,12000
Б/у,NotApple,16,1.7,4,4.7,Ноутбук,HDD,512,40000
Б/у,Apple,32,2.2,8,4.7,Ноутбук,SSD,1000,187200
Б/у,Apple,16,2.7,12,4.7,Ноутбук,SSD,512,60000
Б/у,NotApple,8,2.2,8,4.7,Нетбук,HDD,128,30000
Б/у,NotApple,2,2.2,2,4.7,Ноутбук,HDD,256,11000
Б/у,NotApple,4,1.7,2,4.7,Ноутбук,HDD,512,22999
Б/у,Apple,16,2.2,4,4.7,Ноутбук,SSD,256,60000
Новый,NotApple,2,1.7,2,4.7,Нетбук,HDD + SSD,256,7000
Б/у,NotApple,8,1.7,2,4.7,Ноутбук,SSD,128,18000
Б/у,NotApple,4,2.2,2,4.7,Ноутбук,SSD,128,26000
Б/у,NotApple,4,2.2,4,4.7,Ноутбук,HDD,512,12000
Б/у,NotApple,4,1.7,10,4.7,Ноутбук,Другой тип накопителя,1000,24800
Б/у,NotApple,4,2.2,4,4.7,Ноутбук,HDD,256,52000
Б/у,NotApple,8,2.7,4,4.7,Ноутбук,HDD,512,18000
Б/у,NotApple,4,2.2,4,4.7,Ноутбук,HDD,512,12000
Б/у,NotApple,4,2.2,2,4.7,Ноутбук,SSD,128,26000
Б/у,NotApple,8,3.2,4,4.7,Ноутбук,HDD + SSD,1000,35000
Б/у,NotApple,8,1.7,4,4.7,Ноутбук,HDD,512,21500
Б/у,NotApple,2,1.2,4,4.7,Ноутбук,HDD + SSD,512,12000
Б/у,NotApple,4,1.7,4,27.1,Ноутбук,SSD,256,15000
Б/у,NotApple,4,2.2,4,4.7,Ноутбук,HDD,512,12000
Б/у,NotApple,4,1.2,8,4.7,Ноутбук,HDD,512,25000
Б/у,NotApple,8,1.7,4,4.7,Ноутбук,HDD,512,21500
Б/у,NotApple,4,2.2,2,4.7,Ноутбук,SSD,128,26000
Б/у,NotApple,4,2.2,4,4.7,Ноутбук,HDD,512,12000
Б/у,NotApple,4,3.2,4,4.7,Ноутбук,HDD,1000,30000
Новый,NotApple,8,2.2,4,43.3,Ноутбук,SSD,512,73000
Б/у,NotApple,4,1.7,4,4.7,Ультрабук,HDD,512,19500
Б/у,NotApple,4,2.2,2,4.7,Ноутбук,SSD,128,14999
Б/у,NotApple,4,1.7,4,4.7,Ноутбук,SSD,128,18000
Б/у,NotApple,4,2.2,2,4.7,Ноутбук,SSD,256,28000
Б/у,NotApple,4,2.7,4,28,Ноутбук,HDD,1000,32000
Б/у,NotApple,8,2.7,4,4.7,Ноутбук,SSD,512,65000
Б/у,NotApple,4,2.2,2,4.7,Ноутбук,SSD,128,26000
Б/у,NotApple,4,2.2,4,4.7,Ноутбук,HDD,512,12000
Б/у,NotApple,2,1.7,2,4.7,Ноутбук,HDD,1000,6500
Б/у,NotApple,16,2.7,4,27.1,Ноутбук,SSD,256,62000
Б/у,NotApple,8,2.2,4,4.7,Ультрабук,SSD,128,21000
Новый,NotApple,8,2.2,2,4.7,Ультрабук,SSD,128,29000
Б/у,NotApple,4,1.7,2,4.7,Ноутбук,HDD + SSD,1000,18000
Б/у,NotApple,4,1.7,4,4.7,Ноутбук,HDD,512,17000
Б/у,NotApple,4,2.2,2,4.7,Ноутбук,HDD,512,11000
Б/у,NotApple,16,2.2,12,46.7,Ноутбук,HDD + SSD,1000,90000
Б/у,NotApple,4,2.2,2,4.7,Ноутбук,SSD,128,26000
Б/у,NotApple,4,2.2,4,4.7,Ноутбук,HDD,512,12000
Б/у,NotApple,4,2.2,8,4.7,Ноутбук,SSD,128,31000
Б/у,NotApple,2,1.7,2,4.7,Ноутбук,HDD,512,10000
Б/у,Apple,8,2.2,4,4.7,Ноутбук,SSD,256,88000
Б/у,NotApple,4,2.2,2,4.7,Ноутбук,SSD,128,26000
Б/у,NotApple,4,2.2,4,4.7,Ноутбук,HDD,512,12000
Б/у,NotApple,8,2.7,4,4.7,Ноутбук,SSD,512,23000
Б/у,Apple,4,2.7,8,46.7,Ноутбук,SSD,128,37440
Б/у,NotApple,4,1.7,2,4.7,Ноутбук,HDD,512,13500
Б/у,NotApple,4,2.2,2,4.7,Ноутбук,HDD,256,18000
Новый,NotApple,4,2.2,4,4.7,Ноутбук,SSD,256,23500
Б/у,NotApple,4,2.2,4,4.7,Ультрабук,SSD,128,15000
Б/у,NotApple,4,2.2,2,4.7,Ноутбук,SSD,128,26000
Б/у,NotApple,4,2.2,4,4.7,Ноутбук,HDD,512,12000
Б/у,NotApple,4,1.7,2,4.7,Ноутбук,HDD,512,10000
Б/у,NotApple,4,2.2,2,4.7,Ноутбук,SSD,128,26000
Б/у,NotApple,4,2.2,4,4.7,Ноутбук,HDD,512,12000
Б/у,NotApple,16,1.7,8,16.7,Ультрабук,SSD,512,48000
Б/у,Apple,8,3.2,8,4.7,Ноутбук,HDD,256,104000
Б/у,NotApple,2,2.2,2,4.7,Ноутбук,HDD + SSD,128,15000
Б/у,NotApple,4,2.2,2,4.7,Ноутбук,SSD,128,26000
Б/у,NotApple,4,2.2,4,4.7,Ноутбук,HDD,512,12000
Б/у,NotApple,8,2.7,4,4.7,Ноутбук,HDD + SSD,1000,25000
Б/у,NotApple,4,2.2,2,4.7,Ноутбук,HDD,256,9500
Б/у,NotApple,4,1.2,2,110,Ноутбук,HDD,512,12000
Б/у,Apple,8,2.2,4,4.7,Ультрабук,SSD,512,150000
Новый,NotApple,8,3.2,4,4.7,Ультрабук,SSD,256,44720
Б/у,NotApple,6,3.2,8,4.7,Ноутбук,HDD + SSD,1000,23000
Б/у,NotApple,4,2.2,2,4.7,Ноутбук,SSD,128,26000
Б/у,NotApple,4,2.2,4,4.7,Ноутбук,HDD,512,12000
Б/у,NotApple,4,1.2,2,4.7,Ультрабук,HDD + SSD,512,24000
Б/у,NotApple,6,2.2,4,4.7,Ноутбук,HDD,512,19000
Б/у,NotApple,4,2.2,2,4.7,Ноутбук,SSD,128,26000
Б/у,NotApple,4,2.2,4,4.7,Ноутбук,HDD,512,12000
Б/у,NotApple,6,2.2,4,4.7,Ноутбук,HDD,256,14000
Новый,Apple,8,3.2,8,4.7,Ноутбук,SSD,512,133000
Б/у,Apple,4,1.7,2,4.7,Ультрабук,SSD,128,29500
Б/у,NotApple,4,2.2,4,4.7,Ноутбук,SSD,256,28000
Б/у,NotApple,4,2.2,2,4.7,Ноутбук,SSD,128,26000
Б/у,NotApple,4,2.2,4,4.7,Ноутбук,HDD,512,12000
Б/у,NotApple,4,2.2,4,4.7,Ноутбук,SSD,256,28000
Б/у,NotApple,4,2.2,2,4.7,Ноутбук,HDD,128,6000
Б/у,NotApple,12,2.7,4,46.7,Ноутбук,HDD + SSD,1000,65000
Б/у,NotApple,8,2.2,4,4.7,Ноутбук,HDD + SSD,512,31000
Б/у,Apple,16,2.2,4,4.7,Ноутбук,SSD,256,62400
Б/у,NotApple,2,2.7,2,4.7,Ноутбук,SSD,128,18000
Б/у,NotApple,8,2.2,4,4.7,Ноутбук,HDD,1000,23000
Б/у,NotApple,32,3.2,4,89,Ноутбук,HDD + SSD,256,84000
Новый,NotApple,8,3.2,4,4.7,Ноутбук,SSD,256,53000
Б/у,NotApple,2,1.2,2,4.7,Нетбук,HDD,1000,2500
Б/у,NotApple,4,2.2,2,4.7,Ноутбук,SSD,128,26000
Б/у,NotApple,4,2.2,4,4.7,Ноутбук,HDD,512,12000
Б/у,NotApple,16,3.2,8,76.5,Ноутбук,SSD,1000,91000
Б/у,NotApple,16,3.2,4,30.9,Ноутбук,HDD + SSD,1000,64000
Новый,NotApple,8,2.2,8,98.3,Ноутбук,SSD,512,150000
Б/у,NotApple,4,2.2,4,28,Ноутбук,HDD,512,14200
Б/у,NotApple,4,2.7,4,4.7,Ноутбук,HDD,512,15999
Новый,NotApple,8,3.2,8,98.3,Ноутбук,SSD,512,156000
Б/у,NotApple,6,1.7,4,4.7,Ноутбук,SSD,128,13200
Б/у,Apple,8,2.7,8,4.7,Ультрабук,SSD,256,46800
Б/у,NotApple,6,2.2,2,4.7,Ноутбук,HDD,512,18000
Б/у,NotApple,4,2.2,2,4.7,Ноутбук,SSD,128,26000
Б/у,NotApple,4,2.2,4,4.7,Ноутбук,HDD,512,12000
Б/у,NotApple,6,2.2,4,4.7,Ноутбук,HDD,512,28000
Б/у,NotApple,2,1.2,4,4.7,Ноутбук,HDD + SSD,512,12000
Б/у,NotApple,16,2.2,8,60.9,Ноутбук,HDD + SSD,1000,75000
Б/у,NotApple,4,2.2,2,4.7,Ноутбук,SSD,128,26000
Б/у,NotApple,4,2.2,4,4.7,Ноутбук,HDD,512,12000
Б/у,NotApple,8,2.7,4,4.7,Ноутбук,SSD,256,35000
Б/у,Apple,4,1.7,2,4.7,Ноутбук,SSD,128,20000
Новый,NotApple,8,2.7,4,4.7,Ноутбук,SSD,256,55000
Б/у,NotApple,4,2.7,4,4.7,Ноутбук,HDD,512,16000
Б/у,NotApple,4,3.2,4,4.7,Ноутбук,SSD,128,16500
Б/у,NotApple,8,1.7,4,4.7,Ноутбук,HDD + SSD,512,20000
Б/у,NotApple,4,2.2,2,4.7,Ноутбук,SSD,128,26000
Б/у,NotApple,4,2.2,4,4.7,Ноутбук,HDD,512,12000
Б/у,NotApple,4,2.2,4,4.7,Ноутбук,SSD,128,10000
Б/у,NotApple,4,2.7,4,110,Ноутбук,HDD,256,9000
Б/у,NotApple,6,3.2,4,4.7,Ноутбук,HDD,512,17000
Б/у,NotApple,4,2.2,4,27.1,Ультрабук,HDD,1000,25000
Б/у,NotApple,8,2.2,4,4.7,Ноутбук,SSD,256,24000
Б/у,NotApple,4,2.2,4,4.7,Ноутбук,SSD,128,22000
Б/у,NotApple,4,2.2,2,4.7,Ноутбук,SSD,128,26000
Б/у,NotApple,4,2.2,4,4.7,Ноутбук,HDD,512,12000
Б/у,NotApple,8,2.2,4,4.7,Ноутбук,SSD,256,24000
Б/у,NotApple,4,2.2,4,4.7,Ноутбук,SSD,128,22000
Б/у,NotApple,6,2.2,4,4.7,Ноутбук,HDD,512,28000
Б/у,NotApple,4,1.7,4,4.7,Ультрабук,HDD,512,18000
Б/у,NotApple,8,2.2,8,43.3,Ноутбук,SSD,512,60000
Б/у,NotApple,4,2.2,2,4.7,Ноутбук,SSD,128,26000
Б/у,NotApple,4,2.2,4,4.7,Ноутбук,HDD,512,12000
Б/у,NotApple,2,1.2,2,4.7,Ноутбук,HDD,128,6000
Б/у,NotApple,8,3.2,4,4.7,Ультрабук,SSD,512,50000
Б/у,NotApple,4,2.2,4,4.7,Ноутбук,HDD,512,14000
Б/у,NotApple,8,2.2,4,4.7,Ноутбук,SSD,256,38000
Б/у,NotApple,4,2.2,2,4.7,Ноутбук,SSD,128,26000
Б/у,NotApple,4,2.2,4,4.7,Ноутбук,HDD,512,12000
Б/у,Apple,16,2.7,4,110,Ноутбук,SSD,512,114400
Б/у,NotApple,2,1.7,2,4.7,Ноутбук,HDD,128,10000
Б/у,NotApple,16,3.2,4,28,Ноутбук,SSD,512,55000
Б/у,NotApple,4,2.2,2,4.7,Ноутбук,SSD,128,26000
Б/у,NotApple,4,2.2,4,4.7,Ноутбук,HDD,512,12000
Новый,NotApple,8,2.7,4,4.7,Ультрабук,SSD,256,30000
Б/у,NotApple,16,2.2,12,46.7,Ноутбук,HDD + SSD,1000,90000
Б/у,NotApple,4,1.7,2,4.7,Ноутбук,HDD + SSD,128,18500
Б/у,NotApple,4,2.2,4,4.7,Ноутбук,HDD,512,12000
Б/у,NotApple,4,2.2,2,4.7,Ноутбук,SSD,128,26000
Б/у,NotApple,4,2.2,4,4.7,Ноутбук,HDD,512,12000
Б/у,NotApple,2,1.2,2,4.7,Ноутбук,Другой тип накопителя,128,5000
Б/у,NotApple,2,1.2,2,4.7,Ноутбук,Другой тип накопителя,128,5000
Б/у,NotApple,4,2.2,2,4.7,Ноутбук,SSD,128,26000
Б/у,NotApple,4,2.2,4,4.7,Ноутбук,HDD,512,12000
Б/у,NotApple,4,2.2,2,4.7,Ноутбук,SSD,128,26000
Б/у,NotApple,4,2.2,4,4.7,Ноутбук,HDD,512,12000
Б/у,Apple,8,3.2,2,4.7,Ноутбук,SSD,256,72800
Б/у,NotApple,8,2.2,2,4.7,Ноутбук,HDD + SSD,128,30000
Б/у,NotApple,8,2.7,8,30.9,Ноутбук,HDD,1000,60000
Б/у,NotApple,4,2.2,2,4.7,Ноутбук,SSD,128,26000
Б/у,NotApple,4,2.2,4,4.7,Ноутбук,HDD,512,12000
Б/у,NotApple,4,2.2,4,4.7,Ноутбук,SSD,128,16000
Б/у,NotApple,4,2.7,4,110,Ноутбук,SSD,256,14000
Б/у,NotApple,12,3.2,8,4.7,Ноутбук,HDD + SSD,128,30000
Б/у,NotApple,4,1.7,2,4.7,Ноутбук,HDD,1000,14000
Б/у,NotApple,4,2.2,2,4.7,Ноутбук,SSD,128,26000
Б/у,NotApple,4,2.2,4,4.7,Ноутбук,HDD,512,12000
Б/у,NotApple,2,2.2,2,4.7,Ноутбук,HDD,256,3300
Б/у,NotApple,8,2.2,4,42.6,Ноутбук,HDD,512,20000
Б/у,NotApple,4,2.2,4,4.7,Ноутбук,HDD,512,10000
Б/у,NotApple,6,2.2,4,4.7,Ноутбук,HDD,512,28000
Б/у,NotApple,4,2.2,2,4.7,Ноутбук,SSD,128,26000
Б/у,NotApple,4,2.2,4,4.7,Ноутбук,HDD,512,12000
Б/у,NotApple,4,1.7,4,4.7,Ноутбук,HDD,512,17000
Б/у,NotApple,4,2.2,2,4.7,Ноутбук,HDD,256,12500
Новый,NotApple,32,3.2,4,4.7,Ноутбук,SSD,256,66000
Б/у,NotApple,4,2.2,2,4.7,Ноутбук,SSD,128,26000
Б/у,NotApple,4,2.2,4,4.7,Ноутбук,HDD,512,12000
Новый,NotApple,4,1.2,4,4.7,Ноутбук,HDD,1000,23000
Б/у,Apple,8,1.7,2,4.7,Ноутбук,SSD,128,78000
Б/у,NotApple,8,1.7,4,4.7,Ноутбук,SSD,256,20000
Б/у,NotApple,4,2.2,2,4.7,Ноутбук,SSD,128,26000
Б/у,NotApple,4,2.2,4,4.7,Ноутбук,HDD,512,12000
Б/у,NotApple,4,2.2,2,4.7,Ноутбук,SSD,128,26000
Б/у,NotApple,4,2.2,4,4.7,Ноутбук,HDD,512,12000
Б/у,NotApple,2,2.2,2,4.7,Ноутбук,HDD,1000,5400
Б/у,Apple,8,3.2,2,4.7,Ноутбук,SSD,256,75000
Б/у,NotApple,4,2.2,2,4.7,Ноутбук,HDD,512,9500
Новый,NotApple,16,3.2,2,4.7,Ультрабук,SSD,256,80000
Б/у,NotApple,8,2.7,4,4.7,Ноутбук,HDD,512,15000
Б/у,NotApple,4,2.2,2,4.7,Ноутбук,SSD,128,26000
Б/у,NotApple,4,2.2,4,4.7,Ноутбук,HDD,512,12000
Б/у,NotApple,2,1.2,2,4.7,Ноутбук,HDD,256,7900
Б/у,NotApple,4,2.2,2,4.7,Ноутбук,SSD,128,26000
Б/у,NotApple,4,2.2,4,4.7,Ноутбук,HDD,512,12000
Новый,NotApple,8,3.2,4,4.7,Ноутбук,SSD,256,67600
Новый,NotApple,8,3.2,2,4.7,Ноутбук,SSD,256,56160
Б/у,NotApple,4,2.2,4,4.7,Ноутбук,HDD,256,15800
Б/у,NotApple,4,1.7,2,4.7,Ультрабук,HDD,512,19500
Б/у,NotApple,16,3.2,4,4.7,Ультрабук,SSD,256,57000
Новый,NotApple,16,3.2,16,43.3,Ноутбук,SSD,512,85000
Б/у,NotApple,4,2.2,2,4.7,Ноутбук,SSD,128,26000
Б/у,NotApple,4,2.2,4,4.7,Ноутбук,HDD,512,12000
Новый,NotApple,16,3.2,16,43.3,Ноутбук,SSD,512,85000
Б/у,NotApple,4,2.2,2,4.7,Ноутбук,SSD,128,26000
Б/у,NotApple,4,2.2,4,4.7,Ноутбук,HDD,512,12000
Б/у,NotApple,4,2.2,2,4.7,Ноутбук,HDD,256,11000
Б/у,NotApple,16,2.2,4,4.7,Ноутбук,SSD,512,50000
Б/у,Apple,8,1.2,4,4.7,Ноутбук,SSD,512,130000
Б/у,NotApple,2,2.7,4,4.7,Ноутбук,HDD,256,15000
Б/у,NotApple,4,2.2,2,4.7,Ноутбук,SSD,128,26000
Б/у,NotApple,4,2.2,4,4.7,Ноутбук,HDD,512,12000
Б/у,NotApple,4,1.7,2,4.7,Ультрабук,HDD,512,19500
Б/у,NotApple,4,2.2,4,4.7,Ультрабук,HDD,1000,31000
Б/у,Apple,4,1.7,12,4.81,Ноутбук,HDD,128,2500
Б/у,NotApple,8,2.2,2,4.7,Ультрабук,SSD,128,21000
Б/у,NotApple,8,2.2,4,4.7,Ноутбук,HDD,512,15000
Б/у,NotApple,4,2.2,2,4.7,Ноутбук,SSD,128,26000
Б/у,NotApple,4,2.2,4,4.7,Ноутбук,HDD,512,12000
Б/у,Apple,4,2.2,2,4.7,Ноутбук,HDD,256,9600
Б/у,NotApple,8,2.7,4,4.7,Ноутбук,HDD,1000,31000
Б/у,NotApple,8,2.2,4,4.7,Ноутбук,HDD,1000,25990
Б/у,NotApple,4,2.2,4,4.7,Ноутбук,HDD,256,10000
Б/у,NotApple,4,2.2,2,4.7,Ноутбук,SSD,128,26000
Б/у,NotApple,4,2.2,4,4.7,Ноутбук,HDD,512,12000
Б/у,NotApple,4,1.7,2,4.7,Ультрабук,SSD,128,20000
Б/у,NotApple,4,2.2,4,16.7,Ноутбук,HDD,1000,35000
Новый,NotApple,8,2.2,2,4.7,Ультрабук,SSD,128,35000
Б/у,NotApple,4,2.2,2,4.7,Ноутбук,SSD,128,26000
Б/у,NotApple,4,2.2,4,4.7,Ноутбук,HDD,512,12000
Б/у,NotApple,12,3.2,6,4.7,Ноутбук,SSD,512,34000
Б/у,NotApple,8,2.2,4,4.7,Ноутбук,SSD,512,65000
Б/у,NotApple,8,1.7,4,16.7,Ноутбук,HDD,1000,60000
Б/у,NotApple,8,2.7,4,4.7,Ультрабук,SSD,256,50000
Б/у,NotApple,4,2.2,4,4.7,Ноутбук,HDD,512,15500
Б/у,NotApple,4,2.7,2,4.7,Ноутбук,HDD,512,9500
Б/у,NotApple,2,1.2,4,4.7,Ноутбук,HDD + SSD,512,12000
Б/у,NotApple,8,2.2,4,4.7,Ноутбук,HDD + SSD,1000,25000
Б/у,NotApple,4,2.2,2,4.7,Ноутбук,SSD,128,26000
Б/у,NotApple,4,2.2,4,4.7,Ноутбук,HDD,512,12000
Б/у,NotApple,8,2.2,4,4.7,Ноутбук,HDD + SSD,1000,25000
Б/у,NotApple,16,1.7,8,16.7,Ультрабук,SSD,512,48000
Б/у,NotApple,4,2.7,4,4.7,Ноутбук,Другой тип накопителя,512,16000
Б/у,Apple,16,2.7,4,4.7,Ультрабук,SSD,512,67600
Б/у,NotApple,6,1.7,4,4.7,Ноутбук,HDD + SSD,1000,19999
Б/у,NotApple,4,2.2,2,4.7,Ноутбук,SSD,128,26000
Б/у,NotApple,4,2.2,4,4.7,Ноутбук,HDD,512,12000
Б/у,Apple,16,2.2,4,4.7,Ноутбук,SSD,1000,144560
Новый,NotApple,8,3.2,8,4.7,Ультрабук,SSD,512,93600
Б/у,NotApple,2,2.2,2,4.7,Ноутбук,HDD,256,3500
Б/у,NotApple,2,2.2,2,7.72,Ноутбук,HDD,128,3500
Б/у,NotApple,4,2.2,2,4.7,Ноутбук,SSD,128,26000
Б/у,NotApple,4,2.2,4,4.7,Ноутбук,HDD,512,12000
Б/у,NotApple,6,2.2,4,4.7,Ноутбук,HDD,512,28000
Б/у,NotApple,2,2.2,2,4.7,Ноутбук,HDD,512,14800
Б/у,NotApple,4,2.2,2,4.7,Ноутбук,SSD,128,26000
Б/у,NotApple,4,2.2,4,4.7,Ноутбук,HDD,512,12000
Б/у,NotApple,4,2.2,4,4.7,Ноутбук,HDD,1000,32000
Новый,NotApple,8,1.7,4,4.7,Ноутбук,SSD,512,25000
Б/у,NotApple,4,2.2,4,4.7,Ноутбук,HDD,1000,26000
Б/у,NotApple,4,2.2,4,16.7,Ноутбук,HDD,1000,26000
Б/у,Apple,4,1.7,2,4.7,Ультрабук,SSD,128,28000
Б/у,NotApple,4,2.2,2,4.7,Ноутбук,SSD,128,26000
Б/у,NotApple,4,2.2,4,4.7,Ноутбук,HDD,512,12000
Б/у,NotApple,4,2.2,4,16.7,Ноутбук,HDD,1000,26000
Б/у,Apple,4,1.7,2,4.7,Ультрабук,SSD,128,28000
Б/у,NotApple,4,2.7,4,4.7,Ультрабук,HDD,512,16000
Б/у,NotApple,8,2.2,4,4.7,Ноутбук,SSD,256,40000
Б/у,NotApple,4,1.2,2,4.7,Нетбук,HDD,512,18000
Б/у,Apple,8,2.2,4,4.7,Ноутбук,SSD,512,90000
Б/у,NotApple,4,2.2,2,4.7,Ноутбук,HDD,256,15000
Б/у,NotApple,4,2.2,2,4.7,Ноутбук,SSD,128,26000
Б/у,NotApple,4,2.2,4,4.7,Ноутбук,HDD,512,12000
На запчасти,Apple,16,2.7,8,4.7,Ноутбук,SSD,256,1500
Б/у,NotApple,16,2.2,4,27.1,Ноутбук,HDD + SSD,512,63000
Б/у,Apple,16,3.2,4,110,Ноутбук,SSD,256,65000
Б/у,NotApple,16,2.2,12,46.7,Ноутбук,HDD + SSD,1000,90000
Б/у,Apple,4,2.2,4,4.7,Ноутбук,SSD,512,35000
Б/у,NotApple,4,2.2,2,4.7,Ноутбук,SSD,128,26000
Б/у,NotApple,4,2.2,4,4.7,Ноутбук,HDD,512,12000
Б/у,NotApple,8,3.2,4,16.7,Ультрабук,SSD,256,45000
Б/у,NotApple,8,2.2,4,4.7,Ноутбук,SSD,256,25000
Б/у,NotApple,4,2.7,2,4.7,Ноутбук,SSD,256,20000
Б/у,Apple,8,3.2,8,4.7,Ноутбук,SSD,256,107120
Б/у,NotApple,4,2.7,4,4.7,Ноутбук,HDD,512,20000
Новый,NotApple,8,2.2,4,4.7,Ноутбук,SSD,256,67000
Б/у,NotApple,4,2.2,2,4.7,Ультрабук,HDD,1000,35000
Б/у,NotApple,16,2.7,4,4.7,Ноутбук,HDD + SSD,512,32000
Б/у,NotApple,8,3.2,4,4.7,Ноутбук,SSD,256,40000
Б/у,NotApple,4,2.2,2,4.7,Ноутбук,SSD,128,26000
Б/у,NotApple,4,2.2,4,4.7,Ноутбук,HDD,512,12000
Б/у,NotApple,8,2.2,2,4.7,Ноутбук,HDD,512,29500
Б/у,NotApple,4,2.2,2,4.7,Ноутбук,SSD,128,26000
Б/у,NotApple,4,2.2,4,4.7,Ноутбук,HDD,512,12000
Б/у,Apple,8,2.2,4,4.7,Трансформер,SSD,1000,4500
Б/у,NotApple,4,1.7,2,4.7,Ультрабук,HDD,512,19500
Б/у,NotApple,4,2.2,4,4.7,Ноутбук,HDD,512,26000
Б/у,Apple,4,2.2,4,4.7,Ноутбук,HDD + SSD,512,28000
Б/у,NotApple,4,2.2,2,4.7,Ноутбук,SSD,128,26000
Б/у,NotApple,4,2.2,4,4.7,Ноутбук,HDD,512,12000
Б/у,Apple,4,2.2,4,4.7,Ноутбук,HDD + SSD,512,28000
Б/у,NotApple,4,2.7,4,4.7,Ноутбук,HDD,1000,13000
Б/у,NotApple,4,2.2,2,4.7,Ультрабук,HDD,1000,21000
Б/у,NotApple,8,2.7,4,4.7,Ноутбук,SSD,256,23000
Б/у,NotApple,4,2.2,4,4.7,Ноутбук,SSD,256,25000
Б/у,NotApple,4,2.2,2,4.7,Ноутбук,SSD,128,26000
Б/у,NotApple,4,2.2,4,4.7,Ноутбук,HDD,512,12000
Б/у,NotApple,8,2.7,4,4.7,Ноутбук,SSD,256,23000
Б/у,NotApple,4,2.2,4,4.7,Ноутбук,SSD,256,25000
Б/у,NotApple,4,2.2,2,4.7,Ноутбук,HDD,1000,21000
Б/у,NotApple,8,2.7,4,76.5,Ноутбук,SSD,512,63000
Б/у,NotApple,4,2.2,2,4.7,Ноутбук,HDD,512,14999
Б/у,NotApple,4,2.2,4,4.7,Ноутбук,HDD,1000,26000
Б/у,NotApple,4,2.2,4,4.7,Ноутбук,SSD,256,35000
Б/у,NotApple,4,2.2,2,4.7,Ноутбук,HDD,256,15000
Б/у,NotApple,4,2.2,2,4.7,Ноутбук,SSD,128,26000
Б/у,NotApple,4,2.2,4,4.7,Ноутбук,HDD,512,12000
Б/у,NotApple,4,2.2,2,4.7,Ноутбук,HDD,256,15000
Новый,NotApple,8,1.7,8,4.7,Ноутбук,SSD,256,48000
Б/у,NotApple,8,2.7,4,43.3,Ноутбук,SSD,512,64000
Новый,NotApple,4,3.2,2,4.7,Ультрабук,SSD,128,43680
Б/у,NotApple,4,1.2,2,4.7,Ноутбук + планшет,Другой тип накопителя,128,18000
Новый,NotApple,8,2.7,6,42.6,Ноутбук,HDD + SSD,256,55000
Б/у,NotApple,4,2.2,2,4.7,Ноутбук,SSD,128,26000
Б/у,NotApple,4,2.2,4,4.7,Ноутбук,HDD,512,12000
Б/у,Apple,8,3.2,8,4.7,Ноутбук,SSD,256,116480
Б/у,NotApple,8,3.2,4,4.7,Ноутбук,SSD,256,41600
Б/у,NotApple,4,2.2,2,4.7,Ноутбук,SSD,128,26000
Б/у,NotApple,4,2.2,4,4.7,Ноутбук,HDD,512,12000
Б/у,NotApple,8,2.7,4,43.3,Ноутбук,SSD,512,64000
Б/у,NotApple,4,2.2,4,4.7,Ноутбук,HDD,1000,26500
Новый,NotApple,4,2.2,4,4.7,Ноутбук,SSD,128,33000
Б/у,NotApple,8,2.7,4,4.7,Ультрабук,SSD,256,54000
Б/у,Apple,8,2.7,4,4.7,Ультрабук,SSD,512,69000
Б/у,NotApple,4,1.7,2,4.7,Ноутбук,HDD,512,13000
Б/у,NotApple,6,2.2,4,27.1,Ноутбук,SSD,256,32000
Б/у,Apple,8,1.7,4,4.7,Ультрабук,SSD,128,70000
Б/у,NotApple,4,1.7,2,4.7,Ноутбук,HDD,1000,22000
Б/у,NotApple,8,2.2,4,4.7,Ультрабук,SSD,256,57000
Б/у,NotApple,8,2.7,4,4.7,Ноутбук,SSD,256,39000
Б/у,NotApple,4,2.7,4,4.7,Ультрабук,SSD,256,40000
Б/у,NotApple,4,2.2,2,4.7,Ноутбук,SSD,128,26000
Б/у,NotApple,4,2.2,4,4.7,Ноутбук,HDD,512,12000
Б/у,NotApple,8,2.2,4,4.7,Ультрабук,SSD,256,57000
Б/у,NotApple,8,2.7,4,4.7,Ноутбук,SSD,256,39000
Б/у,NotApple,4,2.7,4,4.7,Ультрабук,SSD,256,40000
Б/у,NotApple,8,2.7,4,43.3,Ноутбук,SSD,512,64000
Б/у,NotApple,4,2.2,2,4.7,Ноутбук,HDD,512,11000
Б/у,NotApple,4,2.2,4,4.7,Ультрабук,HDD,1000,23000
Б/у,NotApple,8,2.2,4,4.7,Ноутбук,HDD + SSD,1000,27000
Б/у,NotApple,4,1.7,4,4.7,Ноутбук,HDD,512,22000
Б/у,NotApple,4,2.2,2,4.7,Ноутбук,SSD,128,26000
Б/у,NotApple,4,2.2,4,4.7,Ноутбук,HDD,512,12000
Б/у,Apple,8,2.2,4,4.7,Ультрабук,SSD,128,70000
Б/у,NotApple,4,2.7,4,4.7,Ноутбук,HDD,512,26900
Б/у,NotApple,4,2.2,2,4.7,Ноутбук,SSD,128,26000
Б/у,NotApple,4,2.2,4,4.7,Ноутбук,HDD,512,12000
Б/у,NotApple,8,2.2,4,43.3,Ноутбук,SSD,1000,75000
Новый,NotApple,16,3.2,12,98.3,Нетбук,Другой тип накопителя,1000,160000
Б/у,NotApple,16,3.2,4,110,Ноутбук,SSD,256,32000
Б/у,NotApple,4,3.2,2,4.7,Ноутбук,HDD,512,22000
Б/у,NotApple,4,2.2,2,4.7,Ноутбук,SSD,128,26000
Б/у,NotApple,4,2.2,4,4.7,Ноутбук,HDD,512,12000
Б/у,Apple,8,3.2,8,4.7,Ноутбук,SSD,256,114400
Б/у,NotApple,2,2.2,2,4.7,Ноутбук,HDD,512,14800
Б/у,NotApple,2,1.2,2,4.7,Ноутбук,HDD,512,20000
Б/у,NotApple,2,1.7,4,4.7,Нетбук,SSD,256,6000
Б/у,NotApple,2,1.7,2,4.7,Ноутбук + планшет,SSD,256,6000
Б/у,NotApple,2,1.2,2,4.7,Нетбук,SSD,256,6000
Новый,NotApple,4,2.2,4,4.81,Ноутбук,HDD + SSD,256,20000
Б/у,NotApple,8,2.7,4,27.1,Ноутбук,HDD + SSD,128,55000
Б/у,NotApple,8,2.2,4,4.7,Ноутбук,HDD + SSD,1000,23000
Б/у,NotApple,4,2.2,2,4.7,Ноутбук,SSD,128,26000
Б/у,NotApple,4,2.2,4,4.7,Ноутбук,HDD,512,12000
Б/у,NotApple,2,1.7,4,4.7,Ноутбук,HDD,512,15000
Б/у,NotApple,4,1.7,4,4.7,Ноутбук,HDD,256,10000
Б/у,NotApple,4,2.2,2,4.7,Ноутбук,SSD,128,26000
Б/у,NotApple,4,2.2,4,4.7,Ноутбук,HDD,512,12000
Б/у,NotApple,8,2.2,4,27.1,Ноутбук,HDD + SSD,1000,53000
Б/у,NotApple,4,2.2,2,4.7,Ноутбук,HDD + SSD,128,20000
Б/у,NotApple,4,2.2,4,4.7,Ноутбук,HDD,512,15000
Б/у,Apple,8,2.7,2,4.7,Ноутбук,SSD,128,83200
Б/у,NotApple,4,2.2,2,4.7,Ноутбук,SSD,128,26000
Б/у,NotApple,4,2.2,4,4.7,Ноутбук,HDD,512,12000
Б/у,Apple,8,2.7,2,4.7,Ноутбук,SSD,128,83200
Б/у,NotApple,4,1.7,4,4.7,Ультрабук,HDD,512,18000
Б/у,NotApple,4,2.2,4,4.7,Ноутбук,HDD,128,23000
Б/у,NotApple,4,1.2,2,4.7,Ноутбук,SSD,512,15000
Б/у,NotApple,4,2.2,2,4.7,Ноутбук,HDD,512,9000
Б/у,NotApple,32,2.7,4,4.7,Ноутбук,SSD,512,58000
Б/у,NotApple,4,2.2,2,4.7,Ноутбук,SSD,128,26000
Б/у,NotApple,4,2.2,4,4.7,Ноутбук,HDD,512,12000
Б/у,NotApple,4,2.7,4,4.7,Ультрабук,HDD,512,28000
Б/у,NotApple,4,2.7,4,16.7,Ноутбук,HDD + SSD,512,26000
Б/у,NotApple,8,2.7,4,4.81,Ноутбук,SSD,256,43000
Б/у,Apple,8,2.7,2,4.7,Ноутбук,SSD,256,48500
Новый,NotApple,4,1.2,4,4.7,Ноутбук,HDD,512,37000
Б/у,NotApple,6,2.2,2,4.7,Ноутбук,HDD,1000,24000
Б/у,NotApple,8,1.7,4,4.7,Ультрабук,SSD,256,50000
Б/у,NotApple,4,2.2,2,4.7,Ноутбук,SSD,128,26000
Б/у,NotApple,4,2.2,4,4.7,Ноутбук,HDD,512,12000
Б/у,NotApple,4,2.2,2,4.7,Ноутбук,SSD,128,26000
Б/у,NotApple,4,2.2,4,4.7,Ноутбук,HDD,512,12000
Б/у,NotApple,2,1.2,2,4.7,Ноутбук,HDD,128,12000
Б/у,NotApple,4,2.7,2,4.7,Ноутбук,HDD,512,9500
Б/у,NotApple,4,2.2,4,4.7,Ноутбук,HDD,512,24000
Б/у,NotApple,4,2.7,4,4.7,Ноутбук,HDD,512,30000
Б/у,NotApple,4,2.2,2,4.7,Ноутбук,SSD,128,26000
Б/у,NotApple,4,2.2,4,4.7,Ноутбук,HDD,512,12000
Б/у,NotApple,8,2.2,4,4.7,Ультрабук,SSD,128,20000
Новый,Apple,8,3.2,8,4.7,Ультрабук,SSD,512,111280
Б/у,NotApple,8,2.7,4,4.7,Ноутбук,HDD,1000,35000
Б/у,NotApple,8,2.7,4,4.7,Ультрабук,SSD,256,49000
Б/у,NotApple,8,1.7,8,4.7,Ультрабук,SSD,512,40000
Б/у,NotApple,8,2.7,4,4.7,Ультрабук,SSD,256,40000
Б/у,NotApple,4,2.2,2,4.7,Ноутбук,SSD,128,26000
Б/у,NotApple,4,2.2,4,4.7,Ноутбук,HDD,512,12000
Б/у,NotApple,4,2.2,2,4.7,Ноутбук,SSD,128,26000
Б/у,NotApple,4,2.2,4,4.7,Ноутбук,HDD,512,12000
Б/у,NotApple,4,2.2,8,27.1,Ноутбук,HDD + SSD,512,12000
Б/у,NotApple,6,2.2,4,4.81,Ноутбук,SSD,128,30000
Б/у,NotApple,4,2.2,2,4.7,Ноутбук,SSD,128,26000
Б/у,NotApple,4,2.2,4,4.7,Ноутбук,HDD,512,12000
Б/у,NotApple,4,2.2,2,4.7,Ноутбук,SSD,128,26000
Б/у,NotApple,4,2.2,4,4.7,Ноутбук,HDD,512,12000
Б/у,NotApple,2,1.2,2,4.7,Нетбук,SSD,128,5300
Новый,NotApple,8,3.2,6,4.7,Ноутбук,SSD,256,57200
Б/у,NotApple,4,2.2,4,4.7,Ноутбук,HDD,512,10000
Б/у,NotApple,2,1.2,4,4.7,Ноутбук,SSD,256,7000
Новый,Apple,8,3.2,8,4.7,Ноутбук,SSD,256,110240
Б/у,NotApple,4,2.2,2,16.7,Ноутбук,SSD,256,41000
Б/у,NotApple,4,2.2,2,4.7,Ноутбук,SSD,128,26000
Б/у,NotApple,4,2.2,4,4.7,Ноутбук,HDD,512,12000
Б/у,NotApple,2,1.2,2,4.7,Ноутбук,Другой тип накопителя,128,16500
Б/у,Apple,2,1.2,2,4.81,Нетбук,HDD,128,48000
Б/у,NotApple,4,1.7,8,4.7,Ноутбук,HDD + SSD,128,100000
Б/у,NotApple,4,2.2,2,4.7,Ноутбук,SSD,128,26000
Б/у,NotApple,4,2.2,4,4.7,Ноутбук,HDD,512,12000
Новый,NotApple,4,2.2,4,4.7,Ноутбук,HDD,1000,45000
Новый,NotApple,4,3.2,2,4.81,Ноутбук,HDD + SSD,256,10000
Б/у,NotApple,4,2.2,2,4.7,Ноутбук,SSD,128,26000
Б/у,NotApple,4,2.2,4,4.7,Ноутбук,HDD,512,12000
Новый,NotApple,4,3.2,2,4.81,Ноутбук,HDD + SSD,256,10000
Новый,NotApple,8,2.7,4,27.1,Ноутбук,SSD,512,90000
Б/у,NotApple,4,2.7,4,4.7,Ноутбук,SSD,256,18000
Б/у,NotApple,4,1.7,4,4.7,Ноутбук,HDD,1000,16000
Б/у,NotApple,4,2.7,4,4.7,Ноутбук,HDD + SSD,512,15500
Б/у,NotApple,4,2.2,2,4.7,Ноутбук,SSD,128,26000
Б/у,NotApple,4,2.2,4,4.7,Ноутбук,HDD,512,12000
Новый,NotApple,16,3.2,4,28,Ноутбук,HDD + SSD,1000,72800
Б/у,Apple,16,2.7,4,4.7,Ноутбук,SSD,512,65000
Б/у,NotApple,4,1.7,2,4.7,Ноутбук,HDD,512,19000
Б/у,NotApple,2,1.7,2,4.7,Ноутбук,HDD,512,16000
Б/у,NotApple,4,2.2,2,4.7,Ноутбук,SSD,128,26000
Б/у,NotApple,4,2.2,4,4.7,Ноутбук,HDD,512,12000
Б/у,NotApple,4,1.7,2,4.7,Ноутбук,HDD,512,19000
Б/у,NotApple,2,1.7,2,4.7,Ноутбук,HDD,512,16000
Б/у,NotApple,4,1.7,2,4.7,Ноутбук,HDD,512,19000
Б/у,NotApple,4,1.7,2,4.7,Ноутбук,HDD,512,14000
Б/у,NotApple,4,1.7,2,4.7,Ноутбук,HDD,1000,17000
Б/у,NotApple,4,2.2,2,4.7,Ноутбук,SSD,128,26000
Б/у,NotApple,4,2.2,4,4.7,Ноутбук,HDD,512,12000
Б/у,NotApple,4,2.2,4,4.7,Ноутбук,HDD,512,12000
Новый,NotApple,16,3.2,6,43.3,Ноутбук,SSD,256,81200
Новый,NotApple,32,3.2,6,43.3,Ноутбук,HDD + SSD,1000,96100
Б/у,NotApple,4,1.2,4,4.7,Ноутбук,HDD,512,25000
Б/у,NotApple,4,2.2,2,4.7,Ноутбук,SSD,128,26000
Б/у,NotApple,4,2.2,4,4.7,Ноутбук,HDD,512,12000
Б/у,NotApple,16,3.2,4,4.7,Ноутбук,HDD + SSD,1000,59900
Б/у,NotApple,8,3.2,4,4.7,Ноутбук,SSD,256,34500
Б/у,NotApple,2,1.7,4,4.7,Ноутбук,HDD,1000,7000
Б/у,NotApple,12,3.2,4,30.9,Ноутбук,HDD + SSD,1000,58000
Б/у,NotApple,4,2.2,2,4.7,Ноутбук,HDD,512,15500
Б/у,NotApple,4,2.2,2,4.7,Ноутбук,SSD,128,26000
Б/у,NotApple,4,2.2,4,4.7,Ноутбук,HDD,512,12000
Б/у,NotApple,4,2.7,2,4.7,Ноутбук,HDD,1000,17000
Б/у,NotApple,4,2.7,4,4.81,Ноутбук,HDD,512,16500
Б/у,NotApple,4,2.2,2,4.7,Ноутбук,SSD,128,26000
Б/у,NotApple,4,2.2,4,4.7,Ноутбук,HDD,512,12000
Б/у,NotApple,2,1.2,2,4.7,Ноутбук,HDD,128,2500
Б/у,NotApple,4,2.7,4,110,Ноутбук,SSD,128,35000
Б/у,Apple,8,3.2,8,4.7,Ноутбук,SSD,256,114400
Б/у,Apple,8,3.2,8,4.7,Ноутбук,HDD,256,104000
Б/у,NotApple,16,2.7,8,43.3,Ноутбук,SSD,512,75000
Б/у,NotApple,4,2.2,2,4.7,Ноутбук,SSD,128,26000
Б/у,NotApple,4,2.2,4,4.7,Ноутбук,HDD,512,12000
Б/у,NotApple,4,2.2,4,4.7,Ноутбук,HDD,512,20000
Б/у,NotApple,8,3.2,4,4.7,Ноутбук,SSD,128,13000
Б/у,NotApple,4,2.7,4,110,Ноутбук,SSD,128,35000
Новый,NotApple,4,2.2,4,4.7,Ультрабук,SSD,128,36400
Б/у,NotApple,16,3.2,8,4.7,Ноутбук,SSD,512,70000
Б/у,NotApple,8,3.2,4,16.7,Ноутбук,HDD,1000,28000
Б/у,NotApple,4,2.2,2,4.7,Ноутбук,SSD,128,26000
Б/у,NotApple,4,2.2,4,4.7,Ноутбук,HDD,512,12000
Б/у,NotApple,4,2.7,4,110,Ноутбук,SSD,128,35000
Б/у,NotApple,4,2.2,4,4.7,Ноутбук + планшет,SSD,128,18000
Б/у,NotApple,8,3.2,4,4.7,Ноутбук,HDD,1000,39000
Б/у,NotApple,8,2.2,4,28,Ноутбук,HDD + SSD,256,47000
Б/у,NotApple,8,2.7,8,43.3,Ноутбук,HDD + SSD,1000,59000
Новый,NotApple,8,2.2,4,28,Ноутбук,HDD,1000,39000
Новый,NotApple,4,1.7,4,4.7,Ноутбук,HDD,1000,32000
Б/у,NotApple,2,2.2,4,4.7,Ноутбук,HDD,128,10000
Новый,NotApple,4,3.2,6,4.7,Ноутбук,SSD,128,29000
Б/у,NotApple,4,2.2,2,4.7,Ноутбук,SSD,128,26000
Б/у,NotApple,4,2.2,4,4.7,Ноутбук,HDD,512,12000
Б/у,NotApple,4,2.7,4,110,Ноутбук,SSD,128,35000
Б/у,NotApple,2,2.2,4,4.7,Ноутбук,HDD,128,10000
Новый,NotApple,4,3.2,6,4.7,Ноутбук,SSD,128,29000
Б/у,NotApple,4,2.2,4,4.7,Ноутбук,SSD,128,16500
Б/у,NotApple,4,2.2,4,4.7,Ноутбук,HDD,512,23800
Б/у,Apple,16,2.2,8,4.7,Ноутбук,SSD,1000,197600
Б/у,NotApple,4,1.7,2,4.7,Ноутбук,SSD,128,21000
Б/у,NotApple,4,2.2,2,4.7,Ноутбук,HDD,512,12000
Б/у,NotApple,4,2.2,2,4.7,Ноутбук,SSD,128,26000
Б/у,NotApple,4,2.2,4,4.7,Ноутбук,HDD,512,12000
Б/у,NotApple,4,2.7,4,110,Ноутбук,SSD,128,35000
Б/у,NotApple,4,1.7,2,4.7,Ноутбук,SSD,128,21000
Б/у,NotApple,4,2.2,2,4.7,Ноутбук,HDD,512,12000
Б/у,NotApple,16,2.7,4,46.7,Ноутбук,HDD + SSD,1000,35000
Б/у,NotApple,4,2.2,4,4.7,Ноутбук,HDD,1000,10000
Б/у,NotApple,8,2.2,4,89,Ноутбук,HDD,1000,28000
Новый,NotApple,16,3.2,8,4.7,Ноутбук,HDD + SSD,1000,70000
Б/у,NotApple,16,2.7,4,4.7,Нетбук,SSD,512,95000
Б/у,NotApple,4,2.2,2,4.7,Ноутбук,SSD,128,26000
Б/у,NotApple,4,2.2,4,4.7,Ноутбук,HDD,512,12000
Б/у,NotApple,4,2.7,4,110,Ноутбук,SSD,128,35000
Б/у,NotApple,8,2.7,16,43.3,Ноутбук,SSD,512,75000
Б/у,Apple,16,3.2,4,4.7,Ультрабук,SSD,1000,79000
Б/у,Apple,16,2.7,4,110,Ноутбук,SSD,512,62000
Б/у,Apple,16,3.2,4,4.7,Ультрабук,SSD,512,79000
Б/у,Apple,16,2.7,4,4.7,Ноутбук,SSD,256,84000
Б/у,Apple,16,2.7,4,4.7,Ультрабук,SSD,512,78000
Б/у,Apple,16,3.2,4,4.7,Ультрабук,SSD,512,78000
Б/у,Apple,16,3.2,4,110,Ноутбук,SSD,256,84000
Б/у,NotApple,4,2.2,2,4.7,Ноутбук,SSD,128,26000
Б/у,NotApple,4,2.2,4,4.7,Ноутбук,HDD,512,12000
Б/у,NotApple,4,2.7,4,110,Ноутбук,SSD,128,35000
Б/у,Apple,16,3.2,4,4.7,Ультрабук,SSD,512,86000
Б/у,Apple,8,2.2,4,4.7,Ультрабук,SSD,256,69000
Б/у,Apple,16,2.2,4,110,Ноутбук,SSD,512,67000
Б/у,NotApple,4,2.2,2,4.7,Ноутбук,SSD,128,26000
Б/у,NotApple,4,2.2,4,4.7,Ноутбук,HDD,512,12000
Б/у,NotApple,4,2.7,4,110,Ноутбук,SSD,128,35000
Б/у,Apple,4,1.7,2,4.7,Ноутбук,HDD,128,14000
Б/у,NotApple,4,3.2,8,4.7,Ноутбук + планшет,SSD,128,15000
Б/у,NotApple,4,2.2,2,4.7,Ноутбук,SSD,128,26000
Б/у,NotApple,4,2.2,4,4.7,Ноутбук,HDD,512,12000
Б/у,NotApple,4,2.7,4,110,Ноутбук,SSD,128,35000
Б/у,Apple,32,2.7,8,110,Ноутбук,SSD,1000,192400
Б/у,NotApple,4,2.2,2,4.7,Ноутбук,HDD,256,15000
Б/у,NotApple,2,1.2,4,4.7,Ноутбук,HDD + SSD,512,12000
Б/у,NotApple,4,2.2,2,4.7,Ноутбук,SSD,128,26000
Б/у,NotApple,4,2.2,4,4.7,Ноутбук,HDD,512,12000
Б/у,NotApple,4,2.7,4,110,Ноутбук,SSD,128,35000
Б/у,NotApple,4,2.2,2,4.7,Ноутбук,SSD,128,26000
Б/у,NotApple,4,2.2,4,4.7,Ноутбук,HDD,512,12000
Б/у,NotApple,4,2.7,4,110,Ноутбук,SSD,128,35000
Б/у,NotApple,4,2.2,4,4.7,Ноутбук,HDD + SSD,512,18500
Б/у,NotApple,8,2.2,4,16.7,Ноутбук,HDD + SSD,1000,34000
Б/у,NotApple,4,2.2,2,4.7,Ноутбук,SSD,128,26000
Б/у,NotApple,4,2.2,4,4.7,Ноутбук,HDD,512,12000
Б/у,NotApple,4,2.7,4,110,Ноутбук,SSD,128,35000
Б/у,NotApple,4,2.2,4,4.7,Ноутбук,HDD,512,11000
Б/у,NotApple,4,2.2,2,4.7,Ноутбук,SSD,128,20000
Б/у,NotApple,16,2.7,4,4.7,Ультрабук,SSD,512,37000
Б/у,NotApple,16,2.7,4,4.7,Ультрабук,SSD,256,49000
Б/у,NotApple,8,2.7,4,4.7,Ноутбук,SSD,256,38000
Б/у,NotApple,8,2.7,16,4.7,Ультрабук,SSD,256,37000
Б/у,NotApple,8,2.7,4,4.7,Ноутбук,SSD,256,43000
Новый,NotApple,4,1.7,4,4.7,Ноутбук,HDD + SSD,256,33000
Б/у,NotApple,4,2.2,2,4.7,Ноутбук,SSD,128,26000
Б/у,NotApple,4,2.2,4,4.7,Ноутбук,HDD,512,12000
Б/у,NotApple,4,2.7,4,110,Ноутбук,SSD,128,35000
Б/у,Apple,16,3.2,4,110,Ноутбук,SSD,256,65000
Б/у,NotApple,16,2.2,8,60.9,Ноутбук,HDD + SSD,1000,75000
Б/у,NotApple,4,2.2,4,4.7,Ноутбук,HDD,512,26000
Б/у,Apple,8,2.2,4,4.7,Ноутбук,SSD,256,55000
Б/у,NotApple,4,2.2,2,4.7,Ноутбук,HDD,1000,32000
Б/у,NotApple,4,1.7,4,4.7,Ноутбук,HDD,512,18000
Б/у,NotApple,4,2.2,4,4.7,Ноутбук,HDD + SSD,1000,15000
Б/у,NotApple,4,2.2,2,4.7,Ноутбук,SSD,128,26000
Б/у,NotApple,4,2.2,4,4.7,Ноутбук,HDD,512,12000
Б/у,NotApple,4,2.7,4,110,Ноутбук,SSD,128,35000
Б/у,NotApple,4,1.7,2,4.7,Ноутбук,SSD,1000,14000
Б/у,NotApple,8,1.7,8,16.7,Ноутбук,HDD,1000,60000
Б/у,NotApple,12,2.2,8,110,Ноутбук,HDD,1000,26000
Новый,NotApple,4,3.2,2,4.7,Ноутбук,SSD,128,35000
Б/у,NotApple,4,2.2,2,4.7,Ноутбук,SSD,128,26000
Б/у,NotApple,4,2.2,4,4.7,Ноутбук,HDD,512,12000
Б/у,NotApple,4,2.7,4,110,Ноутбук,SSD,128,35000
Новый,NotApple,4,3.2,2,4.7,Ноутбук,SSD,128,35000
Б/у,NotApple,8,2.7,4,4.7,Ультрабук,SSD,256,36000
Б/у,NotApple,4,2.2,2,4.7,Ноутбук,SSD,128,26000
Б/у,NotApple,4,2.2,4,4.7,Ноутбук,HDD,512,12000
Б/у,NotApple,4,2.7,4,110,Ноутбук,SSD,128,35000
Б/у,Apple,8,3.2,8,4.7,Ноутбук,HDD,256,104000
Б/у,NotApple,2,3.2,32,4.7,Нетбук,HDD,512,6000
Б/у,NotApple,8,1.7,4,4.7,Ультрабук,SSD,256,46000
Б/у,NotApple,4,2.2,2,4.7,Ноутбук,SSD,128,26000
Б/у,NotApple,4,2.2,4,4.7,Ноутбук,HDD,512,12000
Б/у,NotApple,4,2.7,4,110,Ноутбук,SSD,128,35000
Б/у,NotApple,8,1.7,4,4.7,Ультрабук,SSD,256,46000
Б/у,NotApple,6,2.2,4,4.7,Ноутбук,SSD,256,20000
Б/у,NotApple,4,1.7,4,109,Ноутбук,HDD,512,17000
Б/у,NotApple,4,2.2,4,4.7,Ноутбук,HDD,256,25000
Б/у,NotApple,4,2.2,4,109,Ноутбук,HDD,128,15000
Б/у,NotApple,8,2.2,4,4.7,Ноутбук,SSD,128,17500
Б/у,NotApple,4,2.2,2,4.7,Ноутбук,SSD,128,26000
Б/у,NotApple,4,2.2,4,4.7,Ноутбук,HDD,512,12000
Б/у,NotApple,4,2.7,4,110,Ноутбук,SSD,128,35000
Б/у,NotApple,4,1.7,8,4.7,Ноутбук,SSD,256,9000
Б/у,NotApple,8,2.7,4,4.7,Ультрабук,SSD,256,48000
Б/у,NotApple,4,2.2,2,4.7,Ноутбук,SSD,128,26000
Б/у,NotApple,4,2.2,4,4.7,Ноутбук,HDD,512,12000
Б/у,NotApple,2,1.2,4,4.7,Ноутбук,HDD + SSD,512,12000
Б/у,Apple,8,3.2,8,4.7,Ноутбук,SSD,256,114400
Б/у,NotApple,8,2.7,4,4.7,Ультрабук,SSD,256,49000
Новый,NotApple,4,2.2,4,4.7,Ультрабук,HDD,1000,35000
Б/у,NotApple,4,1.7,4,4.7,Ноутбук,HDD,512,29000
Б/у,NotApple,4,2.7,4,110,Ноутбук,SSD,128,35000
Б/у,NotApple,16,2.7,4,43.3,Ноутбук,HDD + SSD,512,75000
Новый,NotApple,16,3.2,4,72.6,Ноутбук,SSD,1000,84000
Б/у,NotApple,4,1.7,4,4.7,Ноутбук,HDD,256,14000
Б/у,NotApple,4,2.2,2,4.7,Ноутбук,SSD,128,26000
Б/у,NotApple,4,2.2,4,4.7,Ноутбук,HDD,512,12000
Б/у,NotApple,4,2.7,4,110,Ноутбук,SSD,128,35000
Новый,NotApple,8,2.2,4,4.7,Ноутбук,HDD,1000,31000
Б/у,NotApple,4,1.7,4,4.7,Нетбук,HDD,512,35000
Б/у,NotApple,4,2.2,2,4.7,Ноутбук,SSD,128,26000
Б/у,NotApple,4,2.2,4,4.7,Ноутбук,HDD,512,12000
Б/у,NotApple,4,2.7,4,110,Ноутбук,SSD,128,35000
Б/у,NotApple,4,2.2,4,4.7,Ультрабук,HDD,1000,23000
Б/у,NotApple,4,2.7,4,4.7,Ноутбук,HDD + SSD,512,15500
Б/у,NotApple,2,1.2,2,4.7,Ноутбук,HDD,128,12000
Б/у,NotApple,4,2.2,2,4.7,Ноутбук,SSD,128,26000
Б/у,NotApple,4,2.2,4,4.7,Ноутбук,HDD,512,12000
Б/у,NotApple,4,2.7,4,110,Ноутбук,SSD,128,35000
Б/у,NotApple,8,2.2,4,4.7,Ноутбук,SSD,128,18000
Б/у,NotApple,4,2.2,2,4.7,Ноутбук,SSD,128,26000
Б/у,NotApple,4,2.2,4,4.7,Ноутбук,HDD,512,12000
Б/у,NotApple,4,2.7,4,110,Ноутбук,SSD,128,35000
Новый,NotApple,16,3.2,8,72.6,Ноутбук,SSD,512,110000
Новый,NotApple,8,2.7,8,43.3,Ноутбук,SSD,512,80000
Б/у,NotApple,8,2.7,8,43.3,Ноутбук,HDD + SSD,1000,75000
Б/у,Apple,8,2.7,2,4.7,Ноутбук,SSD,256,47000
Б/у,Apple,8,1.2,4,4.7,Ноутбук,SSD,256,90000
Б/у,NotApple,2,1.2,2,4.7,Ультрабук,SSD,128,14500
Б/у,Apple,16,2.2,4,4.7,Ноутбук,SSD,256,40000
Б/у,NotApple,4,2.2,2,4.7,Ноутбук,SSD,128,26000
Б/у,NotApple,4,2.2,4,4.7,Ноутбук,HDD,512,12000
Б/у,NotApple,4,2.7,4,110,Ноутбук,SSD,128,35000
Б/у,NotApple,2,1.2,2,4.7,Ультрабук,SSD,128,14500
Б/у,Apple,16,2.2,4,4.7,Ноутбук,SSD,256,40000
Б/у,NotApple,4,2.2,8,27.1,Ноутбук,HDD,512,22000
Б/у,Apple,4,2.2,4,4.7,Ультрабук,SSD,128,45760
Б/у,NotApple,16,3.2,4,4.7,Ультрабук,SSD,256,57000
Новый,NotApple,8,2.7,8,72.6,Ноутбук,SSD,512,105000
Б/у,NotApple,4,2.2,2,4.7,Ноутбук,SSD,128,26000
Б/у,NotApple,4,2.2,4,4.7,Ноутбук,HDD,512,12000
Б/у,NotApple,4,2.7,4,110,Ноутбук,SSD,128,35000
Новый,NotApple,16,3.2,4,43.3,Ноутбук,HDD + SSD,1000,71000
Б/у,NotApple,4,2.2,2,4.7,Ноутбук,SSD,128,26000
Б/у,NotApple,4,2.2,4,4.7,Ноутбук,HDD,512,12000
Б/у,NotApple,4,2.7,4,110,Ноутбук,SSD,128,35000
Б/у,Apple,16,2.7,2,4.7,Ноутбук,SSD,256,50000
Б/у,Apple,16,3.2,4,110,Ноутбук,SSD,256,65000
Б/у,NotApple,4,2.2,2,4.7,Ноутбук,SSD,128,26000
Б/у,NotApple,4,2.2,4,4.7,Ноутбук,HDD,512,12000
Б/у,NotApple,4,2.7,4,110,Ноутбук,SSD,128,35000
Б/у,Apple,16,2.7,2,4.7,Ноутбук,SSD,256,50000
Б/у,Apple,16,3.2,4,110,Ноутбук,SSD,256,65000
Б/у,NotApple,2,2.2,2,4.7,Ноутбук,HDD,512,14800
Б/у,NotApple,4,2.2,4,4.7,Ноутбук,HDD,512,12000
Новый,NotApple,4,3.2,4,28,Ноутбук,HDD,1000,50000
Новый,NotApple,8,2.2,2,4.7,Ноутбук,SSD,256,30000
Б/у,NotApple,4,2.2,2,4.7,Ноутбук,SSD,128,26000
Б/у,NotApple,4,2.2,4,4.7,Ноутбук,HDD,512,12000
Б/у,NotApple,4,2.7,4,110,Ноутбук,SSD,128,35000
Б/у,NotApple,4,1.2,4,4.7,Ноутбук,HDD,512,16000
Б/у,NotApple,4,2.2,2,4.7,Ноутбук,SSD,128,26000
Б/у,NotApple,4,2.2,4,4.7,Ноутбук,HDD,512,12000
Б/у,NotApple,4,2.7,4,110,Ноутбук,SSD,128,35000
Б/у,NotApple,4,2.7,4,4.7,Ноутбук,HDD,512,25000
Б/у,NotApple,4,2.2,2,4.7,Ноутбук,SSD,128,26000
Б/у,NotApple,4,2.2,4,4.7,Ноутбук,HDD,512,12000
Б/у,NotApple,4,2.7,4,110,Ноутбук,SSD,128,35000
Б/у,NotApple,4,2.7,4,4.7,Ноутбук,HDD,512,25000
Б/у,NotApple,8,2.7,4,4.7,Ультрабук,SSD,256,25500
Б/у,NotApple,8,3.2,4,4.7,Ноутбук,SSD,512,50000
Б/у,Apple,4,1.7,4,4.7,Ноутбук,SSD,128,30000
Б/у,NotApple,4,2.2,2,4.7,Ноутбук,SSD,128,26000
Б/у,NotApple,4,2.2,4,4.7,Ноутбук,HDD,512,12000
Б/у,NotApple,4,2.7,4,110,Ноутбук,SSD,128,35000
Б/у,NotApple,8,3.2,4,4.7,Ноутбук,SSD,512,50000
Б/у,Apple,4,1.7,4,4.7,Ноутбук,SSD,128,30000
Новый,NotApple,4,1.2,2,4.7,Ноутбук,HDD,1000,23000
Б/у,NotApple,8,2.7,4,4.7,Ноутбук,HDD,512,21000
Б/у,NotApple,2,1.2,2,109,Ноутбук,HDD,512,12000
Б/у,NotApple,8,1.7,4,16.7,Ноутбук,HDD + SSD,1000,42000
Б/у,NotApple,4,2.2,2,4.7,Ноутбук,SSD,128,26000
Б/у,NotApple,4,2.2,4,4.7,Ноутбук,HDD,512,12000
Б/у,NotApple,4,2.7,4,110,Ноутбук,SSD,128,35000
Б/у,NotApple,16,2.2,16,4.7,Ноутбук + планшет,SSD,1000,114400
Б/у,NotApple,4,2.2,2,4.7,Ноутбук,SSD,128,26000
Б/у,NotApple,4,2.2,4,4.7,Ноутбук,HDD,512,12000
Б/у,NotApple,4,2.7,4,110,Ноутбук,SSD,128,35000
Новый,NotApple,8,2.2,4,4.7,Ноутбук,SSD,512,65000
Б/у,NotApple,8,2.2,4,4.7,Ноутбук,HDD,1000,26000
Б/у,NotApple,4,2.2,2,4.7,Ноутбук,SSD,128,26000
Б/у,NotApple,4,2.2,4,4.7,Ноутбук,HDD,512,12000
Б/у,NotApple,4,2.7,4,110,Ноутбук,SSD,128,35000
Б/у,NotApple,4,2.2,4,4.81,Ноутбук,SSD,128,27000
Б/у,NotApple,8,1.7,8,16.7,Ноутбук,HDD,1000,40000
Б/у,NotApple,2,2.2,2,4.7,Ноутбук,HDD,256,4950
Новый,NotApple,8,3.2,2,4.7,Ноутбук,SSD,128,37500
Б/у,NotApple,12,3.2,12,4.7,Ноутбук,Другой тип накопителя,512,20500
Б/у,NotApple,4,2.2,2,4.7,Ноутбук,HDD,512,30999
Новый,NotApple,16,3.2,8,155,Ноутбук,SSD,512,213200
Б/у,NotApple,4,2.2,2,4.7,Ноутбук,SSD,128,26000
Б/у,NotApple,4,2.2,4,4.7,Ноутбук,HDD,512,12000
Б/у,NotApple,4,2.7,4,110,Ноутбук,SSD,128,35000
Б/у,NotApple,4,2.2,2,4.7,Ноутбук,HDD,512,30999
Новый,NotApple,16,3.2,8,155,Ноутбук,SSD,512,213200
Б/у,NotApple,4,2.2,4,4.7,Ноутбук + планшет,HDD,1000,19500
Б/у,Apple,2,1.7,12,4.81,Нетбук,HDD,128,8000
Б/у,NotApple,4,1.2,2,4.7,Ультрабук,SSD,256,20000
Б/у,NotApple,4,2.2,2,4.7,Ноутбук,HDD,512,10000
Б/у,NotApple,16,2.2,8,4.7,Трансформер,SSD,1000,135200
Б/у,NotApple,4,2.2,2,4.7,Ноутбук,SSD,128,26000
Б/у,NotApple,4,2.2,4,4.7,Ноутбук,HDD,512,12000
Б/у,NotApple,4,2.7,4,110,Ноутбук,SSD,128,35000
Новый,NotApple,8,2.2,4,4.7,Ноутбук,SSD,512,65000
Б/у,NotApple,8,2.2,4,4.7,Ноутбук,HDD,1000,26000
Б/у,NotApple,4,1.7,2,4.7,Ноутбук,HDD + SSD,128,18500
Б/у,NotApple,4,2.2,4,4.7,Ноутбук,HDD,512,23800
Б/у,NotApple,4,2.2,2,4.7,Ноутбук,SSD,128,26000
Б/у,NotApple,4,2.2,4,4.7,Ноутбук,HDD,512,12000
Б/у,NotApple,4,2.7,4,110,Ноутбук,SSD,128,35000
Б/у,Apple,16,2.7,4,110,Ноутбук,SSD,512,65000
Б/у,Apple,8,2.7,2,4.7,Ультрабук,SSD,256,69000
Б/у,Apple,16,2.7,4,110,Ноутбук,SSD,512,89000
Б/у,Apple,16,2.2,4,4.7,Ультрабук,SSD,256,70000
Б/у,NotApple,4,2.7,4,4.7,Ноутбук,HDD,1000,20000
Б/у,NotApple,4,2.2,2,4.7,Ноутбук,SSD,128,26000
Б/у,NotApple,4,2.2,4,4.7,Ноутбук,HDD,512,12000
Б/у,NotApple,4,2.7,4,110,Ноутбук,SSD,128,35000
Б/у,NotApple,4,2.2,2,4.7,Ноутбук,SSD,128,26000
Б/у,NotApple,16,3.2,4,4.7,Ультрабук,SSD,256,57000
Б/у,NotApple,4,1.7,4,4.7,Ультрабук,HDD,512,18000
Б/у,NotApple,8,2.7,8,4.7,Ультрабук,HDD + SSD,512,50000
Б/у,NotApple,6,2.7,4,4.7,Ноутбук,HDD,1000,27000
Б/у,NotApple,8,2.2,8,4.7,Ноутбук,HDD + SSD,1000,34000
Б/у,NotApple,4,2.2,4,4.7,Ноутбук,HDD,512,12000
Б/у,NotApple,4,2.7,4,110,Ноутбук,SSD,128,35000
Б/у,NotApple,2,2.2,2,4.7,Ноутбук,HDD + SSD,256,10000
Б/у,NotApple,4,2.2,2,4.7,Ноутбук,HDD,512,20800
Б/у,NotApple,4,2.2,2,4.7,Ноутбук,SSD,128,26000
Б/у,NotApple,4,2.2,4,4.7,Ноутбук,HDD,512,12000
Б/у,NotApple,4,2.7,4,110,Ноутбук,SSD,128,35000
Б/у,NotApple,4,2.2,2,4.7,Ноутбук,HDD,512,20800
Б/у,NotApple,2,2.2,2,4.7,Ноутбук,HDD,512,15000
Б/у,NotApple,4,2.7,4,4.7,Ноутбук,SSD,256,25896
Б/у,NotApple,8,2.7,4,4.7,Ноутбук,HDD + SSD,256,35000
Б/у,NotApple,4,2.2,2,4.7,Ноутбук,SSD,128,26000
Б/у,NotApple,4,2.2,4,4.7,Ноутбук,HDD,512,12000
Б/у,NotApple,4,2.7,4,110,Ноутбук,SSD,128,35000
Б/у,NotApple,8,2.7,4,4.7,Ноутбук,HDD + SSD,256,35000
Б/у,Apple,8,1.7,2,4.7,Ультрабук,SSD,256,31000
Б/у,Apple,4,1.2,2,4.7,Ультрабук,SSD,128,31000
Б/у,NotApple,16,2.2,8,60.9,Ноутбук,HDD + SSD,1000,75000
Б/у,NotApple,4,2.7,2,4.7,Ноутбук,HDD,512,9500
Б/у,NotApple,4,1.7,2,4.7,Ноутбук,HDD + SSD,128,18500
Новый,NotApple,8,2.7,8,4.7,Ноутбук,SSD,512,57000
Б/у,NotApple,4,2.2,2,4.7,Ноутбук,SSD,128,26000
Б/у,NotApple,4,2.2,4,4.7,Ноутбук,HDD,512,12000
Б/у,NotApple,4,2.7,4,110,Ноутбук,SSD,128,35000
Б/у,NotApple,4,1.7,2,4.7,Ноутбук,HDD + SSD,128,18500
Новый,NotApple,8,2.7,8,4.7,Ноутбук,SSD,512,57000
Б/у,NotApple,16,2.2,4,4.7,Ноутбук,HDD + SSD,128,67000
Б/у,NotApple,8,2.7,4,4.7,Нетбук,HDD,1000,42000
Б/у,NotApple,4,1.7,4,42.6,Ноутбук,HDD + SSD,512,9500
Б/у,NotApple,2,1.7,2,27.1,Ноутбук,HDD,512,8500
Б/у,NotApple,4,2.2,2,4.7,Ноутбук,SSD,128,26000
Б/у,NotApple,4,2.2,4,4.7,Ноутбук,HDD,512,12000
Б/у,NotApple,4,2.7,4,110,Ноутбук,SSD,128,35000
Б/у,NotApple,6,2.2,4,4.7,Ноутбук,SSD,128,26000
Б/у,NotApple,4,2.2,4,16.7,Ноутбук,HDD,1000,27000
Б/у,NotApple,8,1.7,2,4.7,Ноутбук,HDD,256,11000
Новый,NotApple,8,3.2,4,4.7,Ноутбук,SSD,256,38000
Б/у,Apple,4,2.2,2,4.7,Ультрабук,SSD,128,29000
Б/у,NotApple,4,2.2,2,4.7,Ноутбук,SSD,128,26000
Б/у,NotApple,4,2.2,4,4.7,Ноутбук,HDD,512,12000
Б/у,NotApple,4,2.7,4,110,Ноутбук,SSD,128,35000
Б/у,Apple,4,2.2,2,4.7,Ультрабук,SSD,128,29000
Б/у,Apple,8,2.2,4,4.7,Ноутбук,SSD,256,53000
Б/у,Apple,16,2.2,4,4.7,Ноутбук,SSD,128,52000
Б/у,NotApple,4,2.2,4,4.7,Ноутбук,HDD,512,28000
Б/у,NotApple,8,2.2,4,27.1,Ноутбук,SSD,256,71000
Б/у,NotApple,16,2.2,4,4.7,Ноутбук,HDD + SSD,1000,39000
Б/у,NotApple,4,2.2,4,4.7,Ноутбук,HDD,1000,35000
Б/у,NotApple,16,2.2,4,27.1,Ноутбук,HDD + SSD,256,63000
Б/у,NotApple,4,2.2,2,4.7,Ноутбук,SSD,128,26000
Б/у,NotApple,4,2.2,4,4.7,Ноутбук,HDD,512,12000
Б/у,NotApple,4,2.7,4,110,Ноутбук,SSD,128,35000
Б/у,Apple,16,2.2,4,4.7,Ноутбук,SSD,256,43000
Б/у,NotApple,8,2.2,4,4.7,Ультрабук,SSD,512,40000
Б/у,NotApple,4,2.7,2,4.7,Ноутбук,HDD,512,15500
Б/у,NotApple,4,2.2,2,4.7,Ноутбук,SSD,128,26000
Б/у,NotApple,4,2.2,4,4.7,Ноутбук,HDD,512,12000
Б/у,NotApple,4,2.7,4,110,Ноутбук,SSD,128,35000
Б/у,NotApple,8,2.2,2,4.7,Ноутбук,HDD,512,16500
Б/у,NotApple,4,2.2,4,4.7,Ноутбук,HDD,512,10400
Б/у,NotApple,4,2.2,2,4.7,Ноутбук,SSD,128,26000
Б/у,NotApple,4,2.2,4,4.7,Ноутбук,HDD,512,12000
Б/у,NotApple,4,2.2,4,4.7,Ноутбук,HDD,512,28000
Б/у,NotApple,2,1.2,4,4.7,Ноутбук,HDD + SSD,512,12000
Б/у,NotApple,4,2.7,4,110,Ноутбук,SSD,128,35000
Новый,NotApple,8,3.2,8,4.7,Ноутбук,SSD,512,88400
Новый,Apple,8,3.2,8,4.7,Ноутбук,SSD,512,130000
Новый,NotApple,6,3.2,4,4.7,Ноутбук + планшет,HDD + SSD,128,3500
На запчасти,NotApple,4,2.2,4,4.7,Ноутбук,HDD + SSD,256,4000
Б/у,NotApple,4,2.2,2,4.7,Ноутбук,SSD,128,26000
Б/у,NotApple,4,2.2,4,4.7,Ноутбук,HDD,512,12000
Б/у,NotApple,4,2.7,4,110,Ноутбук,SSD,128,35000
На запчасти,NotApple,4,2.2,4,4.7,Ноутбук,HDD + SSD,256,4000
Б/у,Apple,12,2.2,4,4.7,Ноутбук,HDD + SSD,1000,33000
Б/у,NotApple,2,1.7,4,4.7,Ноутбук,HDD,512,15000
Б/у,NotApple,4,2.2,2,4.7,Ноутбук,SSD,128,26000
Б/у,NotApple,4,2.2,4,4.7,Ноутбук,HDD,512,12000
Б/у,NotApple,4,2.7,4,110,Ноутбук,SSD,128,35000
Б/у,NotApple,2,1.7,4,4.7,Ноутбук,HDD,512,15000
Б/у,NotApple,8,2.2,4,4.7,Ноутбук,Другой тип накопителя,1000,50000
Б/у,NotApple,8,2.7,4,4.7,Ноутбук,SSD,256,27500
Б/у,NotApple,8,2.7,2,4.7,Ноутбук,SSD,256,27000
Б/у,NotApple,16,2.2,6,78.1,Ноутбук,SSD,512,115000
Б/у,NotApple,4,2.2,2,4.7,Ноутбук,SSD,128,26000
Б/у,NotApple,4,2.2,4,4.7,Ноутбук,HDD,512,12000
Б/у,NotApple,4,2.7,4,110,Ноутбук,SSD,128,35000
Б/у,NotApple,16,2.2,6,78.1,Ноутбук,SSD,512,115000
Б/у,NotApple,4,2.2,2,4.7,Ноутбук,HDD,256,13500
Б/у,Apple,8,2.2,4,4.7,Ноутбук,Другой тип накопителя,128,70000
Б/у,NotApple,4,3.2,2,4.7,Ультрабук,HDD + SSD,128,35000
Б/у,NotApple,4,2.2,2,4.7,Ноутбук,SSD,128,26000
Б/у,NotApple,4,2.2,4,4.7,Ноутбук,HDD,512,12000
Б/у,NotApple,4,2.7,4,110,Ноутбук,SSD,128,35000
Б/у,NotApple,4,2.7,4,4.7,Ноутбук,HDD,1000,20000
Б/у,NotApple,8,2.7,4,4.7,Ноутбук,SSD,512,40000
Б/у,NotApple,12,2.2,4,4.7,Ноутбук,HDD + SSD,1000,27000
Б/у,NotApple,4,2.2,2,4.7,Ноутбук,SSD,128,26000
Б/у,NotApple,4,2.2,4,4.7,Ноутбук,HDD,512,12000
Б/у,NotApple,4,2.7,4,110,Ноутбук,SSD,128,35000
Б/у,NotApple,12,2.2,4,4.7,Ноутбук,HDD + SSD,1000,27000
Б/у,NotApple,32,1.2,2,4.7,Ультрабук,Другой тип накопителя,128,9500
Б/у,NotApple,4,2.2,2,4.7,Ноутбук,SSD,128,26000
Б/у,NotApple,4,2.2,4,4.7,Ноутбук,HDD,512,12000
Б/у,NotApple,4,2.7,4,110,Ноутбук,SSD,128,35000
Б/у,NotApple,4,1.7,2,4.7,Ноутбук,HDD + SSD,128,18500
Б/у,NotApple,4,2.2,4,4.7,Ноутбук,HDD,512,12000
Б/у,NotApple,32,2.2,4,27.1,Ноутбук,HDD,128,12000
Б/у,NotApple,4,2.2,2,4.7,Ноутбук,SSD,128,26000
Б/у,NotApple,4,2.2,4,4.7,Ноутбук,HDD,512,12000
Б/у,NotApple,4,2.7,4,110,Ноутбук,SSD,128,35000
Б/у,NotApple,16,2.7,2,4.7,Ультрабук,SSD,128,50000
Б/у,NotApple,2,1.2,2,4.7,Ноутбук,Другой тип накопителя,128,14000
Б/у,NotApple,4,2.2,2,4.7,Ноутбук,SSD,128,26000
Б/у,NotApple,4,2.2,4,4.7,Ноутбук,HDD,512,12000
Б/у,NotApple,4,2.7,4,110,Ноутбук,SSD,128,35000
Б/у,NotApple,2,1.2,2,4.7,Ноутбук,Другой тип накопителя,128,14000
Б/у,NotApple,16,2.2,4,4.7,Ноутбук,SSD,256,45000
Б/у,NotApple,4,2.2,2,4.7,Ноутбук,SSD,128,26000
Б/у,Apple,8,2.2,4,4.7,Ультрабук,SSD,512,72000
Б/у,NotApple,4,2.2,4,4.7,Ноутбук,HDD,1000,26000
Б/у,NotApple,4,2.2,2,4.7,Ноутбук,SSD,128,26000
Б/у,NotApple,4,2.2,4,4.7,Ноутбук,HDD,512,12000
Б/у,NotApple,4,2.7,4,110,Ноутбук,SSD,128,35000
Б/у,NotApple,4,2.2,2,4.7,Ноутбук,SSD,128,26000
Б/у,NotApple,4,2.2,4,4.7,Ноутбук,HDD,512,12000
Б/у,NotApple,4,2.7,4,110,Ноутбук,SSD,128,35000
Б/у,NotApple,4,1.7,4,4.7,Ультрабук,HDD,512,18000
Б/у,NotApple,16,2.2,4,4.7,Ультрабук,SSD,512,65000
